Rayness#bees,Platinum 1,48.5,0.89,129.9,PT,10.5,129,80.2,985,9.3,114,752,10.3,381,"11,776",0.8,Reyna,149,267,50.9,1.18,162.4
c0L#1081,Unranked,100.0,2.29,186.3,CA,19.1,222,73.9,857,7.0,81,346,13.1,175,"5,958",0.9,KAY/O,35,65,44.6,1.02,142.7
A L E X#ANIME,Diamond 3,64.5,1.22,171.8,DK,21.0,245,72.4,846,6.7,78,202,22.6,113,"3,864",0.9,Jett,82,146,62.3,1.25,176.6
Ayana#Egirl,Unranked,75.0,1.16,99.9,GB,14.1,184,77.3,1012,8.6,113,36,12.8,19,497,0.7,Sage,12,22,54.5,0.99,126.8
Palmolives#6640,Diamond 2,52.6,1.05,147.6,US,23.2,251,70.0,759,6.8,74,767,18.4,387,"11,360",0.7,Reyna,92,165,56.4,1.20,168.4
kimanier#EUW,Unranked,0.0,0.00,0.0,MU,15.7,229,76.2,1110,8.1,118,63,14.4,23,860,0.7,Raze,12,23,34.8,0.88,141.2
hackerend#booby,Gold 3,53.8,0.93,124.9,IN,13.0,151,73.1,846,13.9,161,908,12.7,447,"12,469",0.7,Chamber,155,263,50.6,1.11,151.8
KC7#BP88,Diamond 1,75.0,1.42,176.8,PH,20.4,178,73.4,641,6.2,54,963,14.0,487,"14,813",0.7,Jett,150,266,52.6,1.01,151.1
wise#1000,Diamond 3,40.0,0.93,154.6,US,18.1,252,74.9,1040,7.0,97,409,15.2,210,"6,309",0.8,Phoenix,100,180,52.8,1.13,168.5
Luminite#Come,Ascendant 2,61.9,0.91,116.0,AU,15.8,172,70.3,763,13.9,151,689,15.9,361,"10,949",0.8,Killjoy,200,354,50.6,1.03,147.4
Sir McGirth#big,Diamond 1,55.0,1.03,132.4,SG,21.2,218,74.8,770,4.1,42,212,18.7,108,"3,272",0.7,Fade,32,55,56.4,0.86,113.0
MyLove#you,Gold 3,51.4,0.73,101.6,SE,32.1,203,61.6,390,6.3,40,499,19.6,247,"6,468",0.6,Viper,85,150,52.0,0.91,129.4
mantoneee#xhek,Diamond 1,50.0,0.94,124.9,RU,22.1,241,74.0,807,3.9,43,34,22.9,20,535,0.7,Fade,6.4,10,70.0,1.11,125.4
Skull Shocker#Solo,Diamond 2,42.9,0.87,123.6,IN,22.3,189,73.0,618,4.7,40,"1,116",18.3,541,"18,767",0.8,Jett,145,250,48.0,1.14,160.4
Scaleny#Dakk,Diamond 1,41.7,0.93,129.6,CA,10.1,130,78.4,1010,11.5,148,"1,128",10.1,570,"14,825",0.6,Viper,255,448,52.5,0.94,127.9
Sora#SO02,Bronze 2,49.5,0.95,127.0,None,0,0,0,0,0,0,0,0,0,0,0,0,0,0,0,0,0
B0Y#00002,Silver 2,53.5,1.09,144.9,CA,10.8,161,78.4,1171,10.8,162,113,9.9,49,"1,646",0.7,Omen,30,55,38.2,0.96,142.7
Lepatats#EUW,Silver 1,51.1,1.01,137.6,ES,10.7,134,78.8,987,10.5,131,197,12.7,92,"2,675",0.7,Skye,78,132,47.7,0.89,126.3
kuvi#rina,Diamond 1,40.7,0.84,128.0,US,20.7,213,73.5,756,5.7,59,791,16.6,396,"10,160",0.6,Sage,113,202,46.5,0.65,92.8
brat#CSGO,Immortal 1,56.5,1.19,144.6,DZ,16.5,168,74.5,757,9.0,91,406,19.1,212,"6,887",0.8,Chamber,85,144,49.3,1.18,144.4
Medou#FUNDR,Platinum 2,52.6,0.89,134.7,CA,24.7,235,69.5,662,5.8,55,540,23.5,284,"8,118",0.7,Reyna,97,169,52.7,1.03,153.9
Kajitsulol#Rusty,Platinum 2,53.4,1.15,160.4,NL,18.9,211,69.0,769,12.1,135,821,17.2,411,"13,760",0.8,Jett,391,670,51.2,1.16,159.5
B3ASTM0D3#LANA,Immortal 1,51.2,1.01,143.4,CO,25.2,259,67.9,697,6.8,70,"1,850",21.0,918,"30,622",0.8,Jett,238,418,47.4,1.08,148.1
flyingmyvi#MYVI,Platinum 2,45.9,1.09,162.2,MY,19.5,237,72.7,886,7.8,95,"1,204",17.4,596,"22,980",0.9,Jett,421,754,48.8,1.22,180.1
romelpezzzz#nashe,Ascendant 1,65.8,1.48,183.9,PE,30.0,325,67.6,732,2.4,26,171,22.4,96,"3,570",1.0,Sage,25,44,54.5,1.65,205.8
XarDrax#drax,Silver 1,44.0,0.86,126.9,IN,15.4,177,74.5,856,10.1,116,387,13.0,191,"5,804",0.7,Reyna,48,83,51.8,1.09,164.2
Masala Chicken#1212,Silver 3,53.8,1.14,158.7,IN,17.1,199,77.4,903,5.5,64,493,18.6,241,"8,318",0.8,Jett,47,79,44.3,1.16,163.8
clarify#2369,Bronze 2,100.0,0.84,110.4,US,10.4,151,85.8,1250,3.8,56,17,10.4,10,171,0.5,Killjoy,8.7,16,62.5,0.77,111.8
Aurxllie#bunny,Platinum 1,33.3,1.15,153.9,CA,19.5,225,75.1,868,5.4,63,580,18.5,290,"10,155",0.8,Reyna,77,138,47.8,1.23,165.8
Dysania#AWAKE,Ascendant 1,43.9,1.13,145.7,US,28.5,281,65.7,648,5.9,58,626,24.7,313,"10,203",0.8,Chamber,115,205,50.7,1.19,147.0
Gotakson#0001,Iron 2,45.3,2.52,237.2,SG,78.7,274,20.4,71,0.9,3,613,23.9,271,"8,520",0.8,Jett,87,155,54.8,1.10,156.8
MrCrked#7322,Silver 3,50.0,1.22,158.5,GR,24.5,260,71.3,758,4.2,45,481,16.2,232,"8,121",0.8,Chamber,90,158,52.5,1.28,160.2
PITFALLTV#N01,Diamond 1,49.1,0.95,129.5,BR,16.4,143,75.7,662,7.9,69,"2,885",14.4,"1,404","42,523",0.7,Jett,962,"1,631",48.8,1.01,150.2
Rambo#8704,Bronze 1,39.4,0.82,126.0,US,16.6,178,75.7,813,7.7,83,110,15.1,45,"1,359",0.6,Jett,41,74,43.2,0.77,128.1
ArtudNay#Kat,Silver 1,50.8,1.28,158.3,BR,20.3,240,69.0,816,10.7,126,129,15.1,53,"2,036",0.8,Reyna,66,111,38.7,1.11,145.0
GiraffeJiggler80#9996,Unranked,100.0,2.07,187.6,US,0,0,0,0,0,0,0,0,0,0,0,0,0,0,0,0,0
daylight pill#4081,Gold 1,51.3,0.80,123.3,ET,0,0,0,0,0,0,0,0,0,0,0,0,0,0,0,0,0
vitalis961#2031,Unranked,45.0,0.87,116.4,UA,8.8,119,78.1,1060,13.2,179,253,9.9,128,"2,787",0.6,Brimstone,57,97,56.7,0.82,123.8
Nvoyn3r#6456,Ascendant 3,54.7,1.21,156.3,RU,26.9,274,69.5,708,3.6,37,"1,532",20.6,779,"23,394",0.7,Reyna,240,406,54.2,1.18,159.2
ладно#9529,Gold 2,44.8,1.07,147.1,RU,21.5,244,73.7,836,4.8,54,675,17.3,319,"10,604",0.8,Sova,143,244,44.7,1.06,152.2
SkillfulBubbleT#5294,Bronze 3,60.0,1.17,134.2,US,12.3,165,76.5,1027,11.2,150,41,11.9,22,562,0.7,Chamber,7.2,12,58.3,1.01,126.2
Valentine#vel,Platinum 3,68.6,0.76,104.3,MX,22.2,188,74.0,627,3.8,32,528,20.0,268,"7,138",0.7,Sage,208,354,50.6,0.94,132.6
GBoyHi#NOOB,Bronze 3,59.1,1.27,157.7,CO,11.5,148,76.9,986,11.5,148,147,10.6,67,"2,240",0.7,Raze,53,93,46.2,1.18,159.3
agooo#007,Diamond 3,48.6,1.11,152.6,IT,24.5,267,71.0,774,4.5,49,447,20.8,231,"7,582",0.8,Sage,74,127,58.3,1.18,149.2
Individuo30#6524,Gold 3,48.7,1.00,141.4,VE,16.9,223,76.3,1009,6.9,91,685,14.9,332,"10,212",0.7,Fade,82,138,51.4,1.06,145.2
дед быдла#daddy,Gold 1,56.1,1.11,144.1,RU,18.7,139,75.7,563,5.6,42,315,17.0,163,"4,908",0.8,Chamber,103,175,54.9,1.22,147.9
SwagAngel#whiff,Silver 1,51.1,1.05,148.0,CA,18.7,224,71.6,860,9.7,117,353,13.3,169,"5,224",0.7,Reyna,54,102,52.0,1.09,154.5
Smeedrejat#best,Silver 2,47.1,1.32,163.4,US,23.2,248,70.4,751,6.4,68,134,15.2,64,"2,322",0.9,Reyna,55,95,49.5,1.41,166.9
Radikaler Ronny#afd,Ascendant 1,63.6,0.91,122.6,DE,17.8,175,72.7,715,9.6,94,484,19.0,250,"7,411",0.7,Reyna,39,66,48.5,1.22,158.3
RyaanxX#9910,Platinum 3,46.7,1.06,145.0,PE,16.0,188,77.4,910,6.6,78,974,13.5,488,"14,528",0.7,Reyna,141,248,54.4,1.12,154.7
september 24#1805,Ascendant 3,45.5,0.69,96.6,TR,16.4,122,71.6,532,12.0,89,"2,578",16.0,"1,283","35,457",0.7,Sage,462,807,49.2,0.80,103.4
Obstsalat#Miau,Silver 3,56.2,1.30,168.6,DE,31.7,333,65.9,693,2.4,25,345,23.8,163,"5,803",0.8,Reyna,48,85,48.2,1.30,182.9
Blackyy#Trxsh,Platinum 1,65.2,1.06,148.7,FR,10.8,156,76.5,1108,12.7,184,216,12.9,108,"3,335",0.7,KAY/O,66,112,52.7,1.07,151.9
VLTNVally#1527,Platinum 3,52.3,1.30,160.6,NL,13.6,154,80.2,909,6.3,71,295,11.0,141,"4,579",0.7,Sage,63,106,50.0,0.96,126.6
kukasbacsi#tej,Silver 1,44.4,1.26,183.6,HU,19.0,266,74.8,1047,6.1,86,556,14.1,282,"9,747",0.9,Reyna,117,213,56.8,1.26,184.4
Fladalu#EUW,Iron 3,38.5,0.97,121.9,ES,16.6,139,72.8,610,10.6,89,16,16.6,8,219,0.7,KAY/O,3.0,6,50.0,0.87,113.0
SKIL#3115,Platinum 3,51.9,1.02,147.5,RO,22.6,243,72.7,781,4.7,51,483,18.4,239,"6,610",0.6,Omen,46,80,48.8,0.81,124.1
BAKI HANMA#6128,Diamond 1,54.3,0.94,134.4,IN,15.2,199,75.9,991,8.9,116,317,12.8,168,"4,245",0.6,Viper,69,118,54.2,0.91,127.8
clav111#111,Ascendant 1,51.6,1.17,178.7,None,26.5,319,66.5,801,7.1,85,"1,728",16.0,860,"27,860",0.8,Reyna,387,690,53.0,1.10,160.9
DucksGoQuack#nolol,Bronze 2,50.0,1.62,202.0,IT,19.4,211,73.5,801,7.2,78,18,19.4,8,285,0.8,Yoru,7.4,13,53.8,1.26,177.3
ZachMadeekBeach#6969,Gold 3,45.8,0.97,140.5,PH,13.1,162,76.7,946,10.1,125,98,11.7,45,"1,353",0.7,Raze,21,38,50.0,0.99,158.4
eastdakota208#9002,Silver 2,38.5,1.04,144.2,US,21.0,187,75.3,670,3.7,33,128,15.0,61,"1,768",0.7,Skye,51,93,46.2,0.91,135.0
Iceッ#0406,Diamond 2,52.5,1.05,138.3,DE,33.2,290,62.5,546,4.2,37,494,24.9,256,"8,367",0.8,Reyna,88,156,55.8,1.32,175.4
Hybrid#9181,Platinum 1,55.3,1.18,156.5,US,20.2,185,73.5,673,6.3,58,377,17.3,192,"5,402",0.7,Fade,56,99,47.5,0.73,109.5
N0t4lxx#2140,Platinum 1,60.0,1.39,173.4,MK,21.4,297,71.6,994,7.0,97,224,19.2,122,"4,197",0.9,Jett,58,103,52.4,1.23,170.4
d0nt#1taps,Ascendant 3,55.6,0.96,148.5,CZ,26.6,240,68.3,615,5.1,46,"2,372",19.5,"1,159","34,185",0.7,Brimstone,265,462,50.9,0.93,134.8
TheSearch#1429,Unranked,80.0,2.15,187.2,DE,0,0,0,0,0,0,0,0,0,0,0,0,0,0,0,0,0
Bloomhed#9623,Bronze 1,58.3,0.91,127.0,None,9.5,133,73.7,1029,16.8,235,64,8.7,33,780,0.6,Sage,11,20,75.0,0.87,114.2
Kashya#Sage,Diamond 3,52.8,0.78,100.7,RO,16.9,154,73.8,673,9.3,85,"1,321",13.4,653,"16,893",0.6,Sage,578,"1,005",50.6,0.92,119.2
GeTreXx#Bucky,Immortal 3,48.6,1.03,141.1,DE,14.4,186,78.1,1010,7.6,98,"11,259",12.6,"5,471","190,369",0.8,Jett,3588,"6,363",51.9,1.13,142.7
cobra#0666,Silver 1,46.2,0.85,124.2,CA,16.8,180,76.4,819,6.8,73,254,14.0,121,"3,035",0.6,Raze,63,114,50.9,0.82,133.3
Elαッ#Krmit,Diamond 2,41.5,0.97,140.6,IT,0,0,0,0,0,0,0,0,0,0,0,0,0,0,0,0,0
British Man#Brit,Platinum 1,60.0,1.29,174.3,GB,23.2,327,70.0,985,6.8,95,145,19.9,81,"2,703",0.9,Phoenix,71,124,58.9,1.29,175.4
FriendlyNSG#4488,Ascendant 1,46.7,1.23,156.1,CZ,24.6,248,71.0,715,4.4,44,232,19.2,121,"3,956",0.8,Brimstone,30,51,47.1,1.17,147.9
PH0EN1X#CoW,Silver 2,83.3,0.92,125.0,DE,11.9,133,74.8,833,13.3,148,143,11.2,62,"1,825",0.6,Sova,29,52,50.0,0.88,139.2
Asher#ohayo,Unranked,66.7,1.06,140.3,PL,0,0,0,0,0,0,0,0,0,0,0,0,0,0,0,0,0
need feet pics#666,Gold 2,50.0,0.59,111.2,ZA,17.7,209,74.4,879,8.0,94,162,15.5,87,"2,566",0.8,Raze,21,37,56.8,0.90,141.1
emevaelx#1337,Immortal 3,65.0,1.06,137.2,BE,26.5,225,69.2,587,4.2,36,"1,216",25.0,630,"19,817",0.8,Sage,136,242,51.2,1.00,143.1
Za Russian секс7#maks7,Gold 1,41.7,1.15,173.8,RU,19.3,258,72.5,971,8.3,111,"1,166",13.8,554,"18,471",0.8,Jett,181,306,47.1,1.00,144.4
이 년들을 믿지마#0307,Immortal 1,87.5,1.38,177.9,BE,15.7,224,79.5,1135,4.8,68,349,17.2,182,"6,365",0.9,Jett,102,179,50.8,1.16,165.8
SHADOW#OOOO,Bronze 1,66.7,1.40,166.7,IN,11.1,182,74.6,1219,14.3,233,96,11.2,44,"1,429",0.7,Omen,34,60,50.0,1.04,145.7
Rodys Tricks#777,Silver 1,53.6,1.05,141.1,CA,17.3,215,76.5,948,6.2,77,253,13.2,117,"3,213",0.6,Brimstone,70,126,47.6,0.93,130.2
JETAway#way,Diamond 2,49.2,1.23,155.6,BR,32.9,217,62.7,413,4.4,29,232,29.7,112,"4,008",0.8,Chamber,113,190,48.9,1.23,153.0
IRZ dragnwsniper#irzfy,Silver 1,47.6,1.04,153.3,US,17.7,244,71.4,982,10.8,149,"1,742",14.8,838,"26,013",0.7,Jett,181,334,46.4,1.03,157.3
bunnyheadbaby#9251,Unranked,63.2,1.24,155.4,US,10.4,60,74.5,430,15.1,87,12,10.4,6,92,0.4,Sage,3.1,6,50.0,0.66,113.2
Ricmaranga#GGs,Bronze 1,50.0,1.10,174.4,IT,8.0,124,66.5,1034,25.5,397,145,7.7,69,"2,188",0.8,Jett,50,87,49.4,0.99,153.0
ChaosXIII#XIII,Ascendant 2,49.3,1.07,137.8,IT,29.9,301,65.0,655,5.2,52,816,22.8,400,"12,968",0.8,Viper,225,384,50.3,1.11,151.0
TRIS TAINT#imbad,Platinum 3,49.1,1.03,145.1,US,16.5,190,77.5,891,5.9,68,"1,631",14.7,792,"25,852",0.8,Viper,346,611,52.4,1.08,149.1
cinnabunny#boo,Unranked,0.0,0.07,38.6,GB,7.1,20,70.6,199,22.3,63,7,7.1,3,69,0.5,Killjoy,3.7,7,42.9,0.66,103.9
dynamickitty23#0001,Platinum 1,62.5,1.06,145.2,GB,25.1,269,69.5,746,5.4,58,113,17.3,62,"1,806",0.8,Reyna,32,56,41.1,0.99,149.7
andjelaツ#2424,Silver 2,66.7,1.16,160.4,RS,17.3,174,75.1,753,7.6,76,178,14.9,87,"2,264",0.7,Sova,14,26,42.3,0.86,130.4
Akimbo#00001,Immortal 2,67.6,1.28,146.3,DE,20.9,209,71.7,716,7.4,74,151,23.3,90,"2,934",0.9,Reyna,47,85,52.9,1.49,179.0
riceuwu#666,Diamond 1,62.1,1.06,148.7,BR,23.0,247,70.2,753,6.8,73,343,18.5,177,"5,611",0.8,Sage,39,68,51.5,1.08,145.8
FTSW Tubbirdd#Zaddy,Gold 2,56.5,1.16,151.6,US,25.8,211,70.0,573,4.3,35,438,18.7,224,"6,879",0.8,Chamber,105,184,52.2,1.19,163.1
Rule34#3207,Silver 1,48.2,1.21,162.6,IN,17.5,239,73.9,1012,8.6,118,150,15.3,63,"2,214",0.7,Sage,40,71,46.5,1.00,136.9
kia kaha#7405,Gold 1,37.5,1.05,125.1,BR,13.0,139,78.5,842,8.5,91,296,11.5,148,"4,069",0.7,Viper,47,78,53.8,1.10,136.5
TGS itzy#TTV,Ascendant 1,57.7,1.24,151.4,AU,17.2,212,73.1,903,9.8,121,385,20.8,204,"6,213",0.8,Reyna,83,146,54.8,1.17,156.8
RikaChuz#EUW,Platinum 1,46.2,0.59,85.6,None,0,0,0,0,0,0,0,0,0,0,0,0,0,0,0,0,0
RikaChu#7224,Unranked,75.0,1.14,118.2,None,0,0,0,0,0,0,0,0,0,0,0,0,0,0,0,0,0
zertuny#1220,Ascendant 1,82.9,1.24,137.4,AT,23.2,209,70.8,638,6.0,54,248,22.1,148,"4,227",0.8,Reyna,41,75,53.3,1.18,164.4
her moon#lxrd,Diamond 2,33.3,1.01,138.3,JP,22.0,292,71.8,954,6.2,83,722,21.3,355,"14,223",1.0,Jett,204,365,52.9,1.71,216.0
AMBASSADOR#NOTAG,Immortal 2,45.4,0.93,134.5,CA,20.4,177,72.6,631,7.0,61,"3,737",21.7,"1,849","55,211",0.7,Sova,705,"1,244",49.4,0.95,139.2
goofy ahh xotic#0000,Bronze 3,37.5,0.69,109.5,AE,12.6,124,74.7,737,12.8,126,77,18.6,34,"1,155",0.7,Reyna,19,36,38.9,1.05,156.1
LAUHAX#1337,Ascendant 2,48.6,1.12,140.5,RO,20.6,192,72.8,678,6.6,61,485,17.7,255,"8,175",0.8,Sage,82,144,54.9,1.09,142.1
Tokyoo#Jihyo,Unranked,0.0,0.86,127.4,PH,16.8,215,76.3,976,6.9,88,104,13.6,50,"1,220",0.6,Sage,17,31,51.6,0.69,95.4
iVyLux#002,Platinum 2,53.3,1.34,194.8,DE,22.2,376,70.9,1200,6.9,116,311,15.2,150,"5,636",0.9,Neon,91,164,49.4,1.16,170.1
interlude#aceml,Platinum 3,66.7,1.16,145.7,CA,34.9,251,61.8,444,3.3,24,"1,252",26.1,619,"18,873",0.7,Reyna,148,272,53.7,1.12,156.7
G2K Ch1kita#Suz,Ascendant 2,44.0,0.94,122.7,RS,27.7,229,65.9,545,6.4,53,"2,604",17.0,"1,294","31,950",0.6,Killjoy,392,678,50.4,0.87,120.7
seireИ 吉神#ynwa,Silver 2,47.6,1.52,190.8,ID,33.1,342,62.9,649,4.0,41,"1,515",11.7,716,"19,992",0.6,Viper,396,677,46.2,0.79,115.1
BigTiddieGoth#alone,Gold 3,44.4,0.85,125.0,DE,12.8,168,81.4,1066,5.7,75,199,14.0,107,"2,524",0.6,Killjoy,42,76,47.4,0.73,110.7
f0urK#death,Ascendant 3,60.2,0.97,135.0,TR,28.1,277,69.1,681,2.8,28,"2,143",17.7,"1,071","33,030",0.7,Reyna,189,335,51.9,1.11,161.2
黒Jet#dead,Silver 3,61.5,1.39,171.6,US,20.5,256,75.0,934,4.5,56,514,19.0,256,"8,953",0.9,Sage,66,120,48.3,1.21,161.8
Maey#nani,Iron 3,45.5,0.68,98.2,PH,10.6,95,77.3,696,12.1,109,50,9.0,25,523,0.5,Brimstone,6.1,11,36.4,0.64,91.1
G2K Tessa#1668,Diamond 1,57.1,0.68,98.3,HR,12.4,108,78.0,679,9.5,83,"1,303",15.3,642,"12,623",0.5,Killjoy,330,572,48.1,0.63,101.4
xShootzxx#GOAT,Silver 2,39.3,0.95,124.1,ES,8.2,94,79.7,917,12.1,139,93,15.9,42,"1,362",0.7,Viper,11,21,42.9,1.02,123.2
Epablo#1212,Gold 2,42.9,1.07,138.8,ID,19.3,214,72.4,804,8.4,93,434,15.7,219,"6,603",0.7,Reyna,53,92,47.8,1.05,150.4
NowHiringKittens#BIG D,Diamond 3,57.5,0.95,122.4,AU,25.5,273,69.8,746,4.7,50,755,20.4,405,"11,664",0.7,KAY/O,81,148,54.1,1.10,148.9
Xess#Clean,Gold 1,61.5,0.93,117.9,SA,21.5,138,69.0,443,9.5,61,324,20.4,160,"4,894",0.8,Reyna,45,81,49.4,1.29,175.2
Oli#4500,Ascendant 3,53.1,1.00,130.5,HU,23.9,191,68.9,551,7.2,58,700,22.2,376,"11,487",0.8,Jett,130,226,50.0,1.09,153.8
Chear#3383,Ascendant 2,50.0,0.90,139.5,DE,22.2,224,74.4,750,3.4,34,"1,594",18.3,788,"25,957",0.8,Raze,717,"1,243",50.8,1.04,170.4
Fantazer#8131,Diamond 1,61.5,0.95,130.5,AM,16.2,183,77.2,874,6.6,75,918,14.8,438,"12,289",0.6,Viper,139,234,47.4,0.89,130.0
Axela0ss#01113,Platinum 3,40.0,1.19,161.8,GR,26.4,287,66.2,719,7.4,80,625,20.0,316,"12,171",0.9,Reyna,115,196,50.5,1.45,187.5
Kyedoo#shoko,Unranked,0.0,0.75,88.6,VN,22.6,217,69.4,666,8.0,77,288,15.0,160,"4,135",0.7,Sage,78,137,51.1,0.71,101.3
Byakya#AIM,Ascendant 1,45.4,0.89,117.0,US,17.7,186,75.0,788,7.2,76,389,16.2,196,"5,845",0.7,Sage,37,65,56.9,1.01,132.3
GMB DoJ#69420,Gold 2,50.0,1.09,170.8,VN,12.6,179,79.3,1123,8.1,114,386,14.5,177,"6,138",0.8,Viper,110,197,50.3,1.17,158.5
よわよわのゆう#WCT,Diamond 3,51.2,1.33,176.0,JP,22.0,242,70.9,779,7.1,78,"1,006",19.5,504,"18,075",0.9,Jett,197,323,51.7,1.22,166.4
TL F4rceFlash#TTV,Diamond 3,40.0,1.11,145.9,DE,23.4,263,69.2,776,7.4,83,"1,567",20.2,760,"24,383",0.7,Sage,315,547,52.5,1.05,135.7
atomcorp#COZA,Platinum 1,51.2,1.00,157.2,RU,12.5,234,75.1,1402,12.3,230,434,12.0,210,"8,128",0.9,Raze,172,290,52.4,1.38,196.4
Alxc#Vibes,Bronze 2,34.8,1.16,154.6,US,21.3,252,72.5,858,6.2,73,129,15.8,56,"2,142",0.8,Reyna,44,75,44.0,1.20,154.8
Tripppy#OCE,Diamond 2,40.0,0.58,90.2,AU,32.8,183,60.4,337,6.8,38,841,22.2,394,"13,787",0.8,Reyna,292,520,47.1,1.05,156.6
kelow#domi,Silver 3,50.8,1.14,152.3,US,15.7,259,75.9,1256,8.4,139,255,16.4,122,"3,989",0.7,Fade,90,151,45.0,1.01,143.1
Fornika2r#dontu,Ascendant 2,47.7,1.06,144.6,CL,15.8,195,77.3,956,6.9,85,"1,988",13.6,967,"31,344",0.8,Sova,224,382,53.1,1.00,142.5
zadiakdeuS#nashe,Diamond 2,51.3,0.99,141.3,None,15.4,160,79.1,820,5.5,57,"1,108",16.0,549,"16,593",0.7,Chamber,173,293,48.1,0.99,138.5
Master Oogway#1155,Platinum 2,51.4,1.15,151.9,PK,19.8,205,72.2,747,8.0,83,278,16.8,135,"4,017",0.7,Jett,75,128,57.0,1.07,147.6
peachy#0806,Gold 2,52.4,0.92,124.3,ID,15.8,207,77.0,1009,7.2,95,573,12.8,274,"7,699",0.6,Killjoy,195,330,53.3,0.92,128.4
valazio195#BUMI,Platinum 3,66.7,0.96,119.1,ID,29.4,192,63.7,415,6.9,45,"1,666",16.0,803,"21,905",0.6,Breach,244,415,46.5,0.88,122.9
MezX#06060,Platinum 1,57.1,1.41,173.2,FR,17.9,235,75.1,984,6.9,91,59,19.5,34,"1,078",0.9,Viper,10,18,44.4,1.28,159.0
degoreo#nyaw,Bronze 2,50.0,0.94,124.5,PH,9.3,100,79.1,848,11.6,124,90,12.1,44,948,0.5,Sage,22,38,47.4,0.56,86.8
YAHANU#1308,Bronze 2,33.3,1.10,142.9,ID,14.5,152,70.8,741,14.6,153,50,10.2,24,732,0.7,Chamber,11,19,68.4,1.04,143.8
monkedesgraciao#monke,Silver 3,61.8,1.28,165.3,CL,11.1,217,78.9,1541,9.9,194,101,9.4,52,"1,759",0.8,Neon,23,41,58.5,1.25,161.5
ItsLiu#0001,Bronze 2,63.6,1.00,147.6,US,18.0,184,72.9,745,9.1,93,71,16.2,36,"1,074",0.8,Reyna,12,25,44.0,0.84,139.1
OnYourLeft#十十十,Ascendant 1,61.3,1.12,148.2,US,33.3,285,63.7,546,3.0,26,"1,902",25.3,931,"29,586",0.7,Chamber,262,466,50.9,1.14,152.5
STRANGe#Tenz,Silver 2,51.4,0.96,140.5,IN,15.0,185,76.2,941,8.8,109,422,16.1,201,"6,120",0.7,Jett,53,91,49.5,1.02,156.3
rasbarruy#1tap,Gold 3,35.1,1.13,161.8,US,28.2,302,65.4,700,6.4,68,629,26.0,295,"9,381",0.7,Skye,136,242,52.1,0.97,140.1
wennsdae#phjei,Silver 3,45.0,0.80,118.7,US,26.7,171,69.2,443,4.1,26,"1,162",22.5,559,"14,655",0.6,Sova,278,468,49.6,0.85,124.7
RainyDevil#TTC,Unranked,55.6,1.26,173.3,CO,16.3,190,76.3,887,7.4,86,169,15.5,88,"2,390",0.7,Sage,50,87,57.5,0.94,122.4
PachecoTvOficial#2578,Diamond 1,53.1,1.15,143.3,BR,20.3,162,72.9,581,6.8,54,"1,469",16.6,716,"19,807",0.7,Killjoy,334,558,50.7,1.05,139.7
Yakult#hello,Iron 3,42.9,1.55,157.5,US,19.4,93,72.4,347,8.1,39,10,19.4,4,120,1.0,Sage,1.0,2,50.0,1.30,166.0
drexton#1301,Bronze 3,34.6,1.05,149.0,GB,11.4,133,80.2,934,8.3,97,71,12.9,29,"1,047",0.7,Chamber,18,33,45.5,1.10,143.1
feraxhp#Yuly,Silver 3,57.9,1.06,124.4,CO,21.0,176,71.2,598,7.9,66,161,19.3,80,"2,239",0.7,Chamber,38,64,51.6,1.18,144.1
pollo#1205,Unranked,56.5,1.13,160.6,MX,15.0,72,80.5,387,4.6,22,6,15.0,3,89,0.7,Neon,2.4,4,50.0,0.90,167.4
Soupy#1228,Platinum 1,40.0,0.99,139.2,US,19.1,205,76.8,823,4.1,44,303,15.6,150,"5,415",0.9,Sage,57,99,52.5,1.08,143.1
vye#1only,Diamond 2,47.4,0.87,121.7,RS,40.7,288,54.6,386,4.7,33,"1,368",22.3,697,"19,900",0.7,Reyna,140,243,53.5,1.12,157.8
rei#silly,Silver 1,45.5,0.84,116.0,US,12.0,137,73.2,835,14.8,169,194,12.0,94,"2,159",0.6,Sage,18,37,51.4,0.66,97.3
forsik#bad,Platinum 3,60.0,1.28,190.7,RU,27.7,318,69.0,791,3.3,38,490,21.6,240,"10,718",1.1,Reyna,54,92,54.3,1.66,227.3
ValorJett#6108,Silver 3,51.6,0.90,130.0,US,26.3,230,66.7,582,7.0,61,375,19.5,190,"5,639",0.7,Reyna,74,137,56.9,1.17,162.9
ttvrevolversmoke#4592,Diamond 1,43.5,1.14,166.7,US,27.3,244,68.2,609,4.5,40,"1,619",23.3,791,"27,230",0.8,Chamber,386,684,48.7,1.11,154.3
Kung Fu Kenny#6449,Immortal 1,51.6,1.13,135.9,DE,24.8,277,71.3,796,3.9,43,"1,128",21.7,565,"18,365",0.8,Omen,76,134,42.5,1.08,135.7
bell#ash,Unranked,0.0,0.00,10.1,GI,24.5,254,68.7,713,6.8,71,177,18.8,96,"2,156",0.6,Viper,23,37,45.9,0.81,114.0
Eulogy#IRIS,Platinum 3,46.7,1.14,162.9,CA,34.4,311,63.1,571,2.5,23,"1,149",30.9,564,"19,514",0.8,Jett,275,476,49.6,1.07,158.3
snorlaxxatives#1309,Bronze 2,33.3,0.84,122.7,AU,13.0,131,74.5,753,12.6,127,150,13.5,73,"1,428",0.5,Viper,40,73,43.8,0.68,111.1
dread#1437,Ascendant 3,50.0,1.19,155.4,CN,37.1,331,58.6,522,4.3,38,216,30.1,115,"3,877",0.9,Sage,40,70,37.1,1.17,155.5
Exo#IMMO,Diamond 1,38.9,1.07,168.8,HR,30.4,279,65.9,605,3.7,34,203,26.1,84,"3,099",0.7,Jett,27,48,50.0,1.16,159.5
Joyst1ck#1337,Immortal 3,52.2,1.02,137.0,RU,15.7,156,76.3,759,8.0,80,"1,759",17.2,862,"27,691",0.7,Phoenix,363,616,49.4,1.17,150.8
ADIRE Tressort#BELG,Diamond 3,68.1,1.05,150.7,BE,23.5,240,70.1,715,6.4,65,374,18.9,183,"6,267",0.8,Reyna,86,151,49.7,1.15,166.3
Frozen#vlrnt,Diamond 1,55.0,1.13,146.5,MY,21.8,255,70.1,821,8.2,96,429,21.0,225,"6,645",0.7,Sage,67,112,57.1,1.13,142.8
ladies sommelie#carry,Platinum 1,52.0,0.73,106.7,RU,0,0,0,0,0,0,0,0,0,0,0,0,0,0,0,0,0
Skrub#4925,Diamond 2,45.2,0.92,142.5,US,21.9,285,73.6,960,4.5,59,426,15.7,211,"6,783",0.8,Raze,204,353,50.7,1.01,157.8
锅包肉#W01,Gold 1,50.0,0.99,128.5,SG,11.4,193,76.9,1303,11.7,198,69,9.9,41,"1,213",0.8,Sage,14,23,82.6,1.29,157.7
Raékwon#1400,Diamond 1,70.0,1.20,157.7,TR,27.0,273,66.1,669,6.9,70,412,18.5,221,"6,187",0.7,Reyna,52,92,46.7,1.04,157.4
NightmareFuel#koka,Platinum 3,49.2,0.96,134.6,HU,26.1,284,66.8,726,7.1,77,"1,501",18.6,725,"21,501",0.7,Sage,311,531,52.4,0.94,130.3
Hodg#1415,Immortal 3,58.2,1.09,153.2,GB,25.0,254,68.2,694,6.8,69,331,21.8,176,"5,675",0.8,Chamber,54,93,46.2,1.12,156.5
Shold#4298,Diamond 1,46.7,1.23,147.1,RU,27.5,262,64.6,616,7.9,75,209,21.6,98,"2,808",0.7,Sage,69,122,46.7,0.98,120.3
SLZ TOXiN#69XXX,Gold 1,40.0,0.74,112.1,BD,22.7,228,69.4,697,8.0,80,916,19.2,416,"13,912",0.7,Omen,166,295,45.8,0.97,130.6
ReverseWK#7299,Diamond 1,58.0,1.35,162.8,DO,27.1,237,69.6,610,3.3,29,157,16.1,77,"2,671",0.8,Chamber,32,55,54.5,1.30,159.4
quet#1312,Gold 2,50.0,1.11,174.0,RS,22.8,221,70.6,686,6.6,64,120,18.7,56,"1,799",0.8,Jett,30,58,50.0,0.97,152.5
Señοrita#Toxic,Diamond 3,45.8,0.91,123.7,GR,22.5,218,71.1,690,6.5,63,"3,765",25.2,"1,824","52,615",0.7,Viper,555,954,50.7,1.01,130.9
PizzA stEvE#sexy,Diamond 3,50.7,1.03,129.8,DZ,25.4,259,68.0,693,6.6,67,750,21.9,380,"11,268",0.7,Chamber,75,129,42.6,0.98,133.0
yuk1koちゃん#ITZY,Platinum 2,50.0,1.01,148.2,PL,17.2,198,76.8,885,6.0,69,494,13.8,244,"8,156",0.8,Jett,119,210,49.5,1.07,151.1
FLseleur#4444,Silver 2,40.5,0.98,126.2,CA,19.1,175,75.3,688,5.6,51,221,14.5,109,"2,948",0.7,Neon,47,85,54.1,0.96,135.8
Naohh#4872,Immortal 1,49.7,1.07,146.5,KR,0,0,0,0,0,0,0,0,0,0,0,0,0,0,0,0,0
LIFE ChefAxolotl#LIFE,Silver 3,50.9,1.21,168.0,AT,30.7,326,64.3,682,5.0,53,174,27.8,90,"2,957",0.8,Raze,49,88,47.7,1.23,178.1
u can add me#daddy,Platinum 1,68.4,1.83,207.7,CA,25.0,350,69.9,978,5.1,72,53,24.0,32,"1,203",1.1,Reyna,12,22,63.6,1.82,214.2
Mommy#9551,Bronze 3,44.4,0.88,116.8,US,16.7,154,71.3,658,12.0,111,262,13.7,124,"3,704",0.7,Reyna,102,181,45.9,1.02,138.8
Sh3L6Z#4002,Gold 3,43.5,0.85,117.6,CA,17.8,161,73.5,664,8.6,78,389,11.1,196,"5,285",0.7,Skye,160,288,51.4,1.00,136.8
she left me#tears,Gold 3,71.4,1.59,179.1,US,25.7,326,70.7,896,3.6,46,43,24.5,21,856,1.0,Chamber,19,32,56.2,1.46,178.4
yeahtheylikeme#hook,Diamond 1,50.0,1.45,205.0,US,30.3,370,64.9,793,4.8,59,508,16.4,252,"7,633",0.7,Sage,86,156,55.1,0.96,120.5
Deeexity#2695,Ascendant 1,51.2,1.40,160.2,GB,28.8,282,66.7,652,4.5,44,286,21.9,148,"5,625",0.9,Chamber,75,131,51.9,1.58,163.4
LIFEHunter#33333,Silver 2,56.2,1.02,131.4,HU,8.9,108,74.9,905,16.2,196,77,11.1,38,984,0.7,Phoenix,12,22,68.2,1.09,140.9
papleer#peter,Silver 1,81.8,1.55,173.6,DE,9.2,160,74.5,1297,16.3,283,129,7.7,64,"1,959",0.8,Reyna,31,54,50.0,1.14,160.6
XenoLink#3157,Silver 3,55.6,1.21,159.0,US,12.1,127,72.2,760,15.7,165,67,11.8,32,"1,091",0.8,Chamber,26,46,54.3,1.22,156.6
His mommy#Mahal,Bronze 3,64.0,0.92,121.4,PH,10.9,140,77.4,996,11.7,151,381,11.8,189,"4,791",0.6,Sage,108,191,48.2,0.77,104.4
WorstPlayerinVal#Trash,Gold 2,38.1,0.88,132.2,AU,21.1,211,73.3,733,5.6,56,325,17.7,166,"4,587",0.7,Chamber,39,73,58.9,0.99,139.4
God Ussop ツ#yonko,Gold 1,46.1,1.06,137.3,ES,15.7,162,76.0,785,8.3,86,152,11.8,78,"2,430",0.8,Viper,41,71,50.7,1.16,146.2
Azhuro#exe,Ascendant 3,56.2,1.19,157.1,ES,32.6,300,63.7,585,3.7,34,"1,010",25.4,500,"14,953",0.7,Cypher,123,200,49.0,0.99,122.8
blonski#cassi,Ascendant 1,51.1,1.34,156.7,BR,24.0,305,70.7,900,5.3,68,921,17.1,447,"15,296",0.8,Chamber,130,219,53.4,1.38,159.0
squeaky#069,Immortal 2,67.7,1.06,139.3,NL,25.4,234,64.8,598,9.9,91,616,23.2,331,"10,396",0.8,Reyna,147,256,57.4,1.22,167.2
SexyPeanutButah1#EUPOG,Unranked,77.6,1.92,224.5,FI,0,0,0,0,0,0,0,0,0,0,0,0,0,0,0,0,0
SexyDogCollector#Wink,Unranked,76.3,2.02,239.7,FI,0,0,0,0,0,0,0,0,0,0,0,0,0,0,0,0,0
akash#8603,Silver 2,58.8,1.12,142.7,ES,17.2,196,77.0,876,5.7,65,494,15.8,241,"7,609",0.8,Reyna,145,255,48.2,1.09,143.3
night night#2121,Ascendant 2,61.0,1.11,145.0,SG,20.0,234,74.6,874,5.4,63,927,20.3,464,"14,846",0.8,Reyna,121,214,51.9,1.12,156.2
hazeツ#GOD,Silver 1,53.3,1.39,152.1,FI,0,0,0,0,0,0,0,0,0,0,0,0,0,0,0,0,0
mKnZ#0000,Immortal 3,76.9,1.45,179.9,IT,33.7,320,62.4,592,3.9,37,849,28.9,443,"15,782",0.9,Jett,172,291,55.3,1.41,177.6
ipolito97#8900,Diamond 3,53.8,1.03,144.3,ES,34.1,293,62.2,534,3.6,31,219,28.2,114,"3,548",0.8,Jett,43,73,60.3,1.18,166.1
Ipol97#EUW,Platinum 3,52.0,1.06,146.1,ES,33.1,289,63.4,554,3.5,31,400,22.9,193,"5,939",0.7,Jett,43,75,50.7,1.12,154.3
Oblivion#Thorn,Silver 3,48.7,0.99,134.3,ID,11.7,152,72.3,943,16.0,209,342,11.1,169,"4,200",0.6,Cypher,95,164,53.0,0.80,109.7
Trica Bejoan#DUTCH,Ascendant 1,59.1,1.18,158.5,NL,15.7,251,75.0,1196,9.3,148,"1,116",12.9,572,"19,095",0.8,Reyna,269,457,51.4,1.10,158.8
AaronHasMoney#Gang,Platinum 3,58.8,1.13,163.0,US,19.6,228,74.2,861,6.2,72,"2,942",16.0,"1,429","44,981",0.7,Reyna,584,"1,011",47.4,1.08,155.4
Rayness#bees,Platinum 1,48.5,0.89,129.9,PT,10.5,129,80.2,985,9.3,114,752,10.3,381,"11,776",0.8,Reyna,149,267,50.9,1.18,162.4
c0L#1081,Unranked,100.0,2.29,186.3,CA,19.1,222,73.9,857,7.0,81,346,13.1,175,"5,958",0.9,KAY/O,35,65,44.6,1.02,142.7
A L E X#ANIME,Diamond 3,64.5,1.22,171.8,DK,21.0,245,72.4,846,6.7,78,202,22.6,113,"3,864",0.9,Jett,82,146,62.3,1.25,176.6
Ayana#Egirl,Unranked,75.0,1.16,99.9,GB,14.1,184,77.3,1012,8.6,113,36,12.8,19,497,0.7,Sage,12,22,54.5,0.99,126.8
i miss him#ughhh,Bronze 3,60.0,0.97,150.8,US,12.4,135,78.3,856,9.3,102,32,13.3,16,433,0.7,Reyna,6.7,12,33.3,1.05,135.0
Sparkly#6969,Bronze 1,33.3,1.04,153.0,IT,9.2,138,78.2,1179,12.7,191,31,8.8,9,526,0.8,Fade,3.8,6,33.3,0.94,131.9
Akimbo#00001,Immortal 2,67.6,1.28,146.3,DE,20.9,209,71.7,716,7.4,74,151,23.3,90,"2,934",0.9,Reyna,47,85,52.9,1.49,179.0
V1 Vlu#777,Gold 2,61.8,0.79,112.4,US,15.0,121,75.3,608,9.7,78,422,15.2,212,"5,351",0.6,Jett,50,94,61.7,1.14,161.6
toaster#7652,Bronze 3,47.6,1.16,163.9,FI,13.9,199,75.9,1085,10.2,146,51,14.8,23,898,0.9,Reyna,16,28,50.0,1.30,180.8
Soar#1428,Bronze 3,73.3,0.96,127.6,US,16.1,149,74.5,690,9.4,87,60,14.6,32,794,0.7,Chamber,26,48,58.3,0.86,124.9
DffFxy#8694,Platinum 2,60.8,1.21,154.7,ID,19.1,245,73.8,946,7.0,90,278,20.0,146,"4,518",0.8,Chamber,94,162,51.2,1.07,140.4
quoiS#LOVEU,Silver 2,59.1,1.14,150.8,UA,19.5,240,73.8,909,6.7,82,415,13.2,184,"5,318",0.6,Sage,100,174,42.5,0.74,117.8
Hybrid#9181,Platinum 1,54.8,1.16,153.9,US,20.9,190,73.5,668,5.6,51,379,17.3,193,"5,428",0.7,Fade,56,100,48.0,0.73,109.1
GS Kwimpyy#strn,Ascendant 3,65.6,1.32,165.7,TR,22.4,252,68.6,770,9.0,101,614,20.6,322,"10,518",0.8,Sage,146,260,53.5,1.13,151.5
TheSearch#1429,Unranked,80.0,2.15,187.2,DE,0,0,0,0,0,0,0,0,0,0,0,0,0,0,0,0,0
GiraffeJiggler80#9996,Unranked,0.0,0.00,0.0,US,0,0,0,0,0,0,0,0,0,0,0,0,0,0,0,0,0
GoHardMurky#Dor,Gold 3,62.0,1.00,139.7,DE,15.4,164,75.0,796,9.6,102,163,20.4,83,"2,370",0.7,Reyna,24,43,65.1,1.10,153.2
Just Coco#NAW,Gold 2,33.3,1.05,147.6,US,16.2,173,73.3,781,10.4,111,275,16.0,132,"4,399",0.8,Jett,33,61,45.9,1.03,162.0
Seliyas#4183,Silver 1,50.0,0.87,134.9,NL,17.5,181,75.2,776,7.3,75,230,14.7,115,"2,666",0.6,Viper,36,64,45.3,0.79,116.6
crallkk#EUW,Platinum 1,46.2,0.94,146.9,PT,29.1,307,67.4,712,3.5,37,656,20.9,335,"10,806",0.8,Jett,197,334,53.6,1.11,155.1
MaestroKing#2526,Iron 3,51.1,1.07,151.1,ES,16.3,175,76.5,823,7.2,78,202,11.5,92,"2,594",0.7,Sage,21,39,43.6,0.80,126.0
PhenomXO#EZZ,Diamond 2,50.4,0.75,117.1,IN,20.0,168,73.9,619,6.1,51,"1,948",19.3,988,"29,115",0.7,Jett,263,455,48.1,0.96,142.0
Ram#re0,Iron 3,49.5,1.03,148.1,CH,10.4,153,79.0,1165,10.6,157,283,10.1,136,"3,936",0.7,Jett,32,61,49.2,0.80,126.7
YumekoJabami#UwU,Gold 2,48.2,0.81,111.8,PL,10.4,146,73.8,1037,15.8,222,"1,043",8.6,518,"13,053",0.6,Sage,393,693,48.6,0.78,111.6
shini#boo,Platinum 2,88.9,1.20,157.5,DE,11.5,179,76.6,1191,11.9,185,175,11.2,92,"2,488",0.7,Sage,34,59,50.8,0.90,123.7
Fusional#9764,Unranked,33.3,0.83,126.8,None,15.4,37,73.3,176,11.3,27,4,15.4,1,47,0.6,Omen,1.6,3,33.3,0.83,126.8
SINDBAD#000,Platinum 3,44.1,0.93,130.6,EG,19.2,177,71.1,656,9.7,89,508,19.7,258,"7,127",0.7,Chamber,47,80,47.5,0.92,127.5
kytchu#kawai,Iron 3,39.3,0.85,120.2,IN,15.9,165,69.8,726,14.3,149,215,11.8,111,"2,959",0.7,Sage,95,163,56.4,0.99,131.6
lester#asss,Diamond 2,42.9,1.09,143.7,AU,21.9,242,72.1,797,6.1,67,"1,189",19.7,586,"20,853",0.9,Reyna,445,799,49.7,1.28,174.0
R1chard3k#GRAND,Silver 2,56.0,1.10,151.3,SK,11.8,128,79.6,861,8.5,92,313,13.2,157,"5,059",0.8,Reyna,81,138,51.4,1.20,162.0
Khaled#exe,Diamond 2,51.9,1.01,131.2,SA,23.8,231,69.8,676,6.4,62,154,24.7,77,"2,260",0.7,Skye,22,39,51.3,0.89,126.8
FallenAngel#6025,Unranked,41.7,0.70,98.6,IL,0,0,0,0,0,0,0,0,0,0,0,0,0,0,0,0,0
Weason#wgod,Immortal 2,65.3,1.12,146.9,TR,26.6,240,66.5,599,6.9,62,539,20.7,275,"9,063",0.8,Jett,61,108,55.6,1.22,163.7
máquina#so ez,Immortal 1,69.2,1.33,201.2,TR,25.8,318,68.9,849,5.3,65,"1,119",25.3,570,"19,242",0.8,Reyna,120,206,55.8,1.28,174.1
VLTNVally#1527,Platinum 3,52.1,1.28,159.5,NL,13.4,159,80.9,958,5.7,67,299,11.0,144,"4,661",0.7,Sage,63,106,50.0,0.96,126.6
ilovemcflurry123#flurr,Silver 1,48.5,1.11,145.0,MY,14.6,209,78.0,1119,7.4,106,247,11.8,116,"3,664",0.7,Reyna,33,59,52.5,1.18,162.6
Sife#1991,Ascendant 3,57.1,1.06,146.5,EG,30.6,301,64.4,634,5.0,49,"2,507",24.8,"1,232","39,061",0.7,Jett,412,718,50.0,1.03,150.9
RazrivatelAHYCOB#8888,Platinum 1,62.5,1.09,137.9,KZ,18.4,178,73.7,711,7.9,76,258,19.8,136,"4,444",0.8,Omen,34,57,52.6,1.19,162.4
ShotGunPlayer#1995,Diamond 1,45.5,0.93,121.3,TH,9.2,237,75.9,1961,14.9,385,"2,268",10.6,"1,094","35,586",0.7,Reyna,387,674,52.2,1.08,157.1
MB A1mz#King,Platinum 1,64.3,1.10,152.7,FI,18.2,178,71.9,703,9.9,97,199,15.2,110,"3,372",0.8,Reyna,44,76,56.6,1.20,176.3
karuszczak#EUNE,Diamond 2,47.4,0.94,128.8,PL,17.5,166,73.4,695,9.1,86,299,18.4,149,"5,063",0.8,Omen,97,169,47.9,1.19,155.1
beetlejuice#369,Silver 3,46.3,1.07,138.8,US,13.4,163,79.7,971,6.9,84,248,13.1,119,"3,704",0.7,Reyna,49,90,48.9,1.18,148.4
bro1g1#6996,Gold 3,50.0,1.07,137.0,PT,18.8,187,74.7,745,6.5,65,219,13.9,108,"3,071",0.7,Jett,38,65,50.8,0.88,126.7
MP KaiserXImpact#God,Silver 3,50.0,1.56,208.9,None,19.6,283,75.7,1096,4.7,68,142,19.8,71,"3,027",1.0,Jett,45,75,54.7,1.37,193.2
lookin for mommy#eboy,Ascendant 1,63.6,1.64,217.5,DE,31.2,288,65.5,605,3.3,30,389,22.8,218,"6,685",0.8,Reyna,158,272,57.7,1.15,160.8
auto dnd#auto,Silver 3,53.1,1.07,151.4,PH,26.7,243,66.4,604,6.9,63,173,26.5,86,"2,731",0.8,Chamber,57,107,48.6,1.10,147.4
FyaH#ESP,Ascendant 2,56.6,1.11,157.0,ES,20.5,234,72.0,820,7.5,85,"2,114",15.5,"1,035","34,747",0.8,Reyna,364,653,50.1,1.09,158.4
Ryuga#8055,Gold 2,47.8,0.99,139.2,IN,13.9,172,80.6,996,5.4,67,886,12.2,424,"14,726",0.8,Reyna,217,370,45.4,1.16,155.0
Gotakson#0001,Iron 2,45.3,2.52,237.2,SG,78.7,274,20.4,71,0.9,3,613,23.9,271,"8,520",0.8,Jett,87,155,54.8,1.10,156.8
eng Na Choice đá#MinHy,Gold 1,50.0,0.93,134.3,VN,16.5,212,71.5,917,11.9,153,542,15.7,259,"7,639",0.7,Sage,174,301,50.8,0.93,136.0
kody#0444,Diamond 1,33.3,0.91,125.7,GB,27.3,208,67.4,513,5.3,40,46,23.8,22,686,0.7,Reyna,13,25,32.0,0.87,121.1
arri#7777,Platinum 1,45.9,0.67,94.8,MY,10.9,100,76.4,704,12.7,117,438,13.7,210,"6,719",0.7,Reyna,53,93,38.7,1.04,153.9
Spice#Mommy,Ascendant 2,52.6,0.92,125.0,NL,24.6,225,72.9,667,2.5,23,"2,106",15.7,"1,073","30,492",0.7,Killjoy,408,695,52.7,1.03,142.8
Palmolives#6640,Diamond 2,52.6,1.05,147.6,US,23.2,251,70.0,759,6.8,74,767,18.4,387,"11,360",0.7,Reyna,92,165,56.4,1.20,168.4
kimanier#EUW,Unranked,0.0,0.00,0.0,MU,15.7,229,76.2,1110,8.1,118,63,14.4,23,860,0.7,Raze,12,23,34.8,0.88,141.2
hackerend#booby,Gold 3,53.8,0.93,124.9,IN,12.9,155,72.9,875,14.2,170,911,12.7,448,"12,496",0.7,Chamber,155,263,50.6,1.11,151.8
KC7#BP88,Diamond 1,75.0,1.42,176.8,PH,20.4,178,73.4,641,6.2,54,963,14.0,487,"14,813",0.7,Jett,150,266,52.6,1.01,151.1
wise#1000,Diamond 3,40.0,0.93,154.6,US,18.1,252,74.9,1040,7.0,97,409,15.2,210,"6,309",0.8,Phoenix,100,180,52.8,1.13,168.5
Luminite#Come,Ascendant 2,61.9,0.91,116.0,AU,15.8,172,70.3,763,13.9,151,689,15.9,361,"10,949",0.8,Killjoy,200,354,50.6,1.03,147.4
Sir McGirth#big,Diamond 1,55.0,1.03,132.4,SG,21.2,218,74.8,770,4.1,42,212,18.7,108,"3,272",0.7,Fade,32,55,56.4,0.86,113.0
MyLove#you,Gold 3,51.4,0.73,101.6,SE,27.9,188,65.8,443,6.2,42,506,19.6,250,"6,556",0.6,Viper,87,155,52.3,0.91,128.9
mantoneee#xhek,Diamond 1,50.0,0.94,124.9,RU,22.1,241,74.0,807,3.9,43,34,22.9,20,535,0.7,Fade,6.4,10,70.0,1.11,125.4
Skull Shocker#Solo,Diamond 2,42.9,0.87,123.6,IN,22.3,189,73.0,618,4.7,40,"1,116",18.3,541,"18,767",0.8,Jett,145,250,48.0,1.14,160.4
Scaleny#Dakk,Diamond 1,41.7,0.93,129.6,CA,10.1,130,78.4,1010,11.5,148,"1,128",10.1,570,"14,825",0.6,Viper,255,448,52.5,0.94,127.9
Sora#SO02,Bronze 2,49.5,0.95,127.0,None,0,0,0,0,0,0,0,0,0,0,0,0,0,0,0,0,0
B0Y#00002,Silver 2,53.5,1.09,144.9,CA,10.8,161,78.4,1171,10.8,162,113,9.9,49,"1,646",0.7,Omen,30,55,38.2,0.96,142.7
Lepatats#EUW,Silver 1,51.1,1.01,137.6,ES,10.7,134,78.8,987,10.5,131,197,12.7,92,"2,675",0.7,Skye,78,132,47.7,0.89,126.3
kuvi#rina,Diamond 1,40.7,0.84,128.0,US,20.7,213,73.5,756,5.7,59,791,16.6,396,"10,160",0.6,Sage,113,202,46.5,0.65,92.8
brat#CSGO,Immortal 1,56.5,1.19,144.6,DZ,16.5,168,74.5,757,9.0,91,406,19.1,212,"6,887",0.8,Chamber,85,144,49.3,1.18,144.4
Medou#FUNDR,Platinum 2,52.6,0.89,134.7,CA,24.7,235,69.5,662,5.8,55,540,23.5,284,"8,118",0.7,Reyna,97,169,52.7,1.03,153.9
Kajitsulol#Rusty,Platinum 2,53.4,1.15,160.4,NL,20.0,221,67.4,746,12.6,140,825,17.2,413,"13,836",0.8,Jett,394,674,51.2,1.16,159.6
B3ASTM0D3#LANA,Immortal 1,51.2,1.01,143.4,CO,25.2,259,67.9,697,6.8,70,"1,850",21.0,918,"30,622",0.8,Jett,238,418,47.4,1.08,148.1
flyingmyvi#MYVI,Platinum 2,45.9,1.09,162.2,MY,19.5,237,72.7,886,7.8,95,"1,204",17.4,596,"22,980",0.9,Jett,421,754,48.8,1.22,180.1
romelpezzzz#nashe,Ascendant 1,65.8,1.48,183.9,PE,30.0,325,67.6,732,2.4,26,171,22.4,96,"3,570",1.0,Sage,25,44,54.5,1.65,205.8
XarDrax#drax,Silver 1,44.0,0.86,126.9,IN,14.9,174,75.5,883,9.6,112,391,13.0,192,"5,865",0.7,Reyna,48,83,51.8,1.09,164.2
Masala Chicken#1212,Silver 3,53.8,1.14,158.7,IN,17.7,213,76.6,923,5.7,69,498,18.6,242,"8,405",0.8,Jett,48,80,43.8,1.16,163.7
clarify#2369,Bronze 2,100.0,0.84,110.4,US,10.4,151,85.8,1250,3.8,56,17,10.4,10,171,0.5,Killjoy,8.7,16,62.5,0.77,111.8
Aurxllie#bunny,Platinum 1,33.3,1.15,153.9,CA,19.5,225,75.1,868,5.4,63,580,18.5,290,"10,155",0.8,Reyna,77,138,47.8,1.23,165.8
Dysania#AWAKE,Ascendant 1,43.9,1.13,145.7,US,28.5,281,65.7,648,5.9,58,626,24.7,313,"10,203",0.8,Chamber,115,205,50.7,1.19,147.0
MrCrked#7322,Silver 3,50.0,1.22,158.5,GR,24.5,260,71.3,758,4.2,45,481,16.2,232,"8,121",0.8,Chamber,90,158,52.5,1.28,160.2
PITFALLTV#N01,Diamond 1,49.1,0.95,129.5,BR,16.4,143,75.7,662,7.9,69,"2,885",14.4,"1,404","42,523",0.7,Jett,962,"1,631",48.8,1.01,150.2
Rambo#8704,Bronze 1,39.4,0.82,126.0,US,16.6,178,75.7,813,7.7,83,110,15.1,45,"1,359",0.6,Jett,41,74,43.2,0.77,128.1
ArtudNay#Kat,Silver 1,50.8,1.28,158.3,BR,20.0,243,69.0,837,11.0,133,130,15.1,53,"2,061",0.8,Reyna,67,112,38.4,1.11,145.2
daylight pill#4081,Gold 1,51.3,0.80,123.3,ET,0,0,0,0,0,0,0,0,0,0,0,0,0,0,0,0,0
vitalis961#2031,Unranked,45.0,0.87,116.4,UA,8.8,119,78.1,1060,13.2,179,253,9.9,128,"2,787",0.6,Brimstone,57,97,56.7,0.82,123.8
Nvoyn3r#6456,Ascendant 3,54.7,1.21,156.3,RU,26.9,274,69.5,708,3.6,37,"1,532",20.6,779,"23,394",0.7,Reyna,240,406,54.2,1.18,159.2
ладно#9529,Gold 2,44.8,1.07,147.1,RU,23.0,260,73.2,828,3.8,43,683,17.4,324,"10,742",0.8,Sova,143,245,44.5,1.05,152.1
SkillfulBubbleT#5294,Bronze 3,60.0,1.17,134.2,US,12.3,165,76.5,1027,11.2,150,41,11.9,22,562,0.7,Chamber,7.2,12,58.3,1.01,126.2
Valentine#vel,Platinum 3,68.6,0.76,104.3,MX,22.2,188,74.0,627,3.8,32,528,20.0,268,"7,138",0.7,Sage,208,354,50.6,0.94,132.6
GBoyHi#NOOB,Bronze 3,59.1,1.27,157.7,CO,11.5,148,76.9,986,11.5,148,147,10.6,67,"2,240",0.7,Raze,53,93,46.2,1.18,159.3
agooo#007,Diamond 3,48.6,1.11,152.6,IT,24.5,267,71.0,774,4.5,49,447,20.8,231,"7,582",0.8,Sage,74,127,58.3,1.18,149.2
Individuo30#6524,Gold 3,48.7,1.00,141.4,VE,16.9,223,76.3,1009,6.9,91,685,14.9,332,"10,212",0.7,Fade,82,138,51.4,1.06,145.2
дед быдла#daddy,Gold 1,56.1,1.11,144.1,RU,18.7,139,75.7,563,5.6,42,315,17.0,163,"4,908",0.8,Chamber,103,175,54.9,1.22,147.9
SwagAngel#whiff,Silver 1,51.1,1.05,148.0,CA,18.7,224,71.6,860,9.7,117,353,13.3,169,"5,224",0.7,Reyna,54,102,52.0,1.09,154.5
Smeedrejat#best,Silver 2,47.1,1.32,163.4,US,23.8,257,69.8,755,6.4,69,135,15.3,65,"2,339",0.9,Reyna,55,96,50.0,1.41,166.6
Radikaler Ronny#afd,Ascendant 1,63.6,0.91,122.6,DE,19.4,197,72.0,733,8.6,88,490,19.0,252,"7,499",0.7,Reyna,39,66,48.5,1.22,158.3
RyaanxX#9910,Platinum 3,46.7,1.06,145.0,PE,16.0,188,77.4,910,6.6,78,974,13.5,488,"14,528",0.7,Reyna,141,248,54.4,1.12,154.7
september 24#1805,Ascendant 3,45.5,0.69,96.6,TR,16.9,112,71.0,471,12.1,80,"2,582",16.0,"1,287","35,497",0.7,Sage,462,808,49.3,0.80,103.4
Obstsalat#Miau,Silver 3,56.2,1.30,168.6,DE,31.7,333,65.9,693,2.4,25,345,23.8,163,"5,803",0.8,Reyna,48,85,48.2,1.30,182.9
Blackyy#Trxsh,Platinum 1,65.2,1.06,148.7,FR,10.8,156,76.5,1108,12.7,184,216,12.9,108,"3,335",0.7,KAY/O,66,112,52.7,1.07,151.9
kukasbacsi#tej,Silver 1,44.4,1.26,183.6,HU,19.0,266,74.8,1047,6.1,86,556,14.1,282,"9,747",0.9,Reyna,117,213,56.8,1.26,184.4
Fladalu#EUW,Iron 3,38.5,0.97,121.9,ES,16.6,139,72.8,610,10.6,89,16,16.6,8,219,0.7,KAY/O,3.0,6,50.0,0.87,113.0
SKIL#3115,Platinum 3,51.9,1.02,147.5,RO,22.6,243,72.7,781,4.7,51,483,18.4,239,"6,610",0.6,Omen,46,80,48.8,0.81,124.1
BAKI HANMA#6128,Diamond 1,54.3,0.94,134.4,IN,15.2,199,75.9,991,8.9,116,317,12.8,168,"4,245",0.6,Viper,69,118,54.2,0.91,127.8
clav111#111,Ascendant 1,51.6,1.17,178.7,None,25.3,279,66.1,728,8.6,95,"1,733",16.0,863,"27,933",0.8,Reyna,387,690,53.0,1.10,160.9
DucksGoQuack#nolol,Bronze 2,50.0,1.62,202.0,IT,19.4,211,73.5,801,7.2,78,18,19.4,8,285,0.8,Yoru,7.4,13,53.8,1.26,177.3
ZachMadeekBeach#6969,Gold 3,45.8,0.97,140.5,PH,13.1,162,76.7,946,10.1,125,98,11.7,45,"1,353",0.7,Raze,21,38,50.0,0.99,158.4
eastdakota208#9002,Silver 2,38.5,1.04,144.2,US,21.5,192,74.8,667,3.7,33,130,15.1,62,"1,801",0.7,Skye,52,94,46.8,0.91,135.3
Iceッ#0406,Diamond 2,52.5,1.05,138.3,DE,32.5,298,63.2,579,4.3,39,497,24.9,259,"8,407",0.8,Sage,89,158,53.8,1.08,142.4
N0t4lxx#2140,Platinum 1,60.0,1.39,173.4,MK,21.4,297,71.6,994,7.0,97,224,19.2,122,"4,197",0.9,Jett,58,103,52.4,1.23,170.4
d0nt#1taps,Ascendant 3,55.6,0.96,148.5,CZ,26.6,240,68.3,615,5.1,46,"2,372",19.5,"1,159","34,185",0.7,Brimstone,265,462,50.9,0.93,134.8
Bloomhed#9623,Bronze 1,58.3,0.91,127.0,None,9.5,131,73.4,1007,17.1,234,65,8.8,33,787,0.6,Sage,11,20,75.0,0.87,114.2
Kashya#Sage,Diamond 3,52.8,0.78,100.7,RO,17.6,166,74.1,698,8.3,78,"1,327",13.5,655,"16,974",0.6,Sage,582,"1,011",50.5,0.92,119.1
GeTreXx#Bucky,Immortal 3,48.6,1.03,141.1,DE,14.4,186,78.1,1010,7.6,98,"11,259",12.6,"5,471","190,369",0.8,Jett,3588,"6,363",51.9,1.13,142.7
cobra#0666,Silver 1,46.2,0.85,124.2,CA,16.8,180,76.4,819,6.8,73,254,14.0,121,"3,035",0.6,Raze,63,114,50.9,0.82,133.3
Elαッ#Krmit,Diamond 2,41.5,0.97,140.6,IT,0,0,0,0,0,0,0,0,0,0,0,0,0,0,0,0,0
British Man#Brit,Platinum 1,60.0,1.29,174.3,GB,22.9,323,70.2,990,6.9,98,148,20.0,81,"2,758",0.9,Phoenix,73,127,57.5,1.28,175.0
FriendlyNSG#4488,Ascendant 1,46.7,1.23,156.1,CZ,24.5,264,71.0,765,4.5,48,233,19.2,122,"3,984",0.8,Brimstone,30,51,47.1,1.17,147.9
PH0EN1X#CoW,Silver 2,83.3,0.92,125.0,DE,11.9,133,74.8,833,13.3,148,143,11.2,62,"1,825",0.6,Sova,29,52,50.0,0.88,139.2
Asher#ohayo,Unranked,66.7,1.06,140.3,PL,16.9,33,72.8,142,10.3,20,4,16.9,2,47,0.6,Fade,1.1,2,0.0,0.70,83.0
need feet pics#666,Gold 2,50.0,0.59,111.2,ZA,17.4,201,74.2,859,8.4,97,163,15.5,87,"2,571",0.8,Raze,21,37,56.8,0.90,141.1
emevaelx#1337,Immortal 3,65.0,1.06,137.2,BE,26.0,223,69.6,598,4.4,38,"1,217",25.0,630,"19,833",0.8,Sage,136,242,51.2,1.00,143.1
Za Russian секс7#maks7,Gold 1,41.7,1.15,173.8,RU,16.8,239,74.8,1067,8.4,120,"1,174",13.8,558,"18,611",0.8,Jett,185,312,47.4,1.01,145.2
이 년들을 믿지마#0307,Immortal 1,87.5,1.38,177.9,BE,15.7,224,79.5,1135,4.8,68,349,17.2,182,"6,365",0.9,Jett,102,179,50.8,1.16,165.8
SHADOW#OOOO,Bronze 1,66.7,1.40,166.7,IN,10.7,182,75.4,1283,13.9,237,99,11.1,46,"1,482",0.7,Omen,34,60,50.0,1.04,145.7
Rodys Tricks#777,Silver 1,53.6,1.05,141.1,CA,17.3,213,76.3,939,6.3,78,254,13.2,117,"3,222",0.6,Brimstone,70,126,47.6,0.93,130.2
JETAway#way,Diamond 2,49.2,1.23,155.6,BR,32.9,217,62.7,413,4.4,29,232,29.7,112,"4,008",0.8,Chamber,113,190,48.9,1.23,153.0
IRZ dragnwsniper#irzfy,Silver 1,47.6,1.04,153.3,US,18.4,257,70.8,988,10.8,150,"1,743",14.8,839,"26,046",0.7,Jett,181,334,46.4,1.03,157.3
bunnyheadbaby#9251,Unranked,63.2,1.24,155.4,US,10.4,60,74.5,430,15.1,87,12,10.4,6,92,0.4,Sage,3.1,6,50.0,0.66,113.2
Ricmaranga#GGs,Bronze 1,50.0,1.10,174.4,IT,8.0,124,66.5,1034,25.5,397,145,7.7,69,"2,188",0.8,Jett,50,87,49.4,0.99,153.0
ChaosXIII#XIII,Ascendant 2,49.3,1.07,137.8,IT,29.6,297,65.1,654,5.3,53,817,22.8,401,"12,983",0.8,Viper,225,385,50.4,1.11,150.9
TRIS TAINT#imbad,Platinum 3,49.1,1.03,145.1,US,16.5,190,77.5,891,5.9,68,"1,631",14.7,792,"25,852",0.8,Viper,346,611,52.4,1.08,149.1
cinnabunny#boo,Unranked,0.0,0.07,38.6,GB,7.1,20,70.6,199,22.3,63,7,7.1,3,69,0.5,Killjoy,3.7,7,42.9,0.66,103.9
dynamickitty23#0001,Platinum 1,62.5,1.06,145.2,GB,25.1,269,69.5,746,5.4,58,113,17.3,62,"1,806",0.8,Reyna,32,56,41.1,0.99,149.7
andjelaツ#2424,Silver 2,66.7,1.16,160.4,RS,17.3,174,75.1,753,7.6,76,178,14.9,87,"2,264",0.7,Sova,14,26,42.3,0.86,130.2
riceuwu#666,Diamond 1,62.1,1.06,148.7,BR,23.0,247,70.2,753,6.8,73,343,18.5,177,"5,611",0.8,Sage,39,68,51.5,1.08,145.8
FTSW Tubbirdd#Zaddy,Gold 2,56.5,1.16,151.6,US,25.8,211,70.0,573,4.3,35,438,18.7,224,"6,879",0.8,Chamber,105,184,52.2,1.19,163.1
Rule34#3207,Silver 1,48.2,1.21,162.6,IN,17.5,239,73.9,1012,8.6,118,150,15.3,63,"2,214",0.7,Sage,40,71,46.5,1.00,136.9
kia kaha#7405,Gold 1,37.5,1.05,125.1,BR,13.0,139,78.5,842,8.5,91,296,11.5,148,"4,069",0.7,Viper,47,78,53.8,1.10,136.4
TGS itzy#TTV,Ascendant 1,57.7,1.24,151.4,AU,17.2,212,73.1,903,9.8,121,385,20.8,204,"6,213",0.8,Reyna,83,146,54.8,1.17,156.8
RikaChuz#EUW,Platinum 1,46.2,0.59,85.6,None,10.9,86,75.1,592,14.0,110,269,11.4,136,"2,813",0.5,Sage,123,209,52.2,0.74,96.7
RikaChu#7224,Unranked,75.0,1.14,118.2,None,0,0,0,0,0,0,0,0,0,0,0,0,0,0,0,0,0
zertuny#1220,Ascendant 1,82.9,1.24,137.4,AT,23.2,209,70.8,638,6.0,54,248,22.1,148,"4,227",0.8,Reyna,41,75,53.3,1.18,164.4
her moon#lxrd,Diamond 2,33.3,1.01,138.3,JP,20.9,283,73.1,990,6.1,82,724,21.3,355,"14,263",1.0,Jett,206,367,52.6,1.71,215.7
AMBASSADOR#NOTAG,Immortal 2,45.4,0.93,134.5,CA,20.4,177,72.6,631,7.0,61,"3,737",21.7,"1,849","55,211",0.7,Sova,705,"1,244",49.4,0.95,139.2
goofy ahh xotic#0000,Bronze 3,37.5,0.69,109.5,AE,12.8,126,74.7,735,12.5,123,79,18.4,34,"1,178",0.7,Reyna,20,38,36.8,1.03,154.5
LAUHAX#1337,Ascendant 2,48.6,1.12,140.5,RO,19.9,192,73.2,706,6.9,67,488,17.7,256,"8,218",0.8,Sage,82,144,54.9,1.09,142.1
Tokyoo#Jihyo,Unranked,0.0,0.86,127.4,PH,16.8,215,76.3,976,6.9,88,104,13.6,50,"1,220",0.6,Sage,17,31,51.6,0.69,95.4
iVyLux#002,Platinum 2,53.3,1.34,194.8,DE,22.2,376,70.9,1200,6.9,116,311,15.2,150,"5,636",0.9,Neon,91,164,49.4,1.16,170.1
interlude#aceml,Platinum 3,66.7,1.16,145.7,CA,34.9,251,61.8,444,3.3,24,"1,252",26.1,619,"18,873",0.7,Reyna,148,272,53.7,1.12,156.7
G2K Ch1kita#Suz,Ascendant 2,44.0,0.94,122.7,RS,28.3,241,65.7,559,6.0,51,"2,610",17.0,"1,299","32,047",0.6,Killjoy,392,678,50.4,0.87,120.7
seireИ 吉神#ynwa,Silver 2,47.6,1.52,190.8,ID,33.1,342,62.9,649,4.0,41,"1,515",11.7,716,"19,992",0.6,Viper,396,677,46.2,0.79,115.1
BigTiddieGoth#alone,Gold 3,44.4,0.85,125.0,DE,12.8,169,81.4,1075,5.8,76,201,14.0,108,"2,559",0.6,Killjoy,43,77,46.8,0.73,111.0
f0urK#death,Ascendant 3,60.2,0.97,135.0,TR,28.1,277,69.1,681,2.8,28,"2,143",17.7,"1,071","33,030",0.7,Reyna,189,335,51.9,1.11,161.2
黒Jet#dead,Silver 3,61.5,1.39,171.6,US,20.5,256,75.0,934,4.5,56,514,19.0,256,"8,953",0.9,Sage,66,120,48.3,1.21,161.8
Maey#nani,Iron 3,45.5,0.68,98.2,PH,10.6,95,77.3,696,12.1,109,50,9.0,25,523,0.5,Brimstone,6.1,11,36.4,0.64,91.1
G2K Tessa#1668,Diamond 1,57.1,0.68,98.3,HR,12.4,108,78.0,679,9.5,83,"1,303",15.3,642,"12,623",0.5,Killjoy,330,572,48.1,0.63,101.4
xShootzxx#GOAT,Silver 2,39.3,0.95,124.1,ES,8.4,96,79.8,911,11.8,135,94,15.9,43,"1,371",0.7,Viper,12,22,45.5,1.02,122.8
Epablo#1212,Gold 2,42.9,1.07,138.8,ID,19.3,214,72.4,804,8.4,93,434,15.7,219,"6,603",0.7,Reyna,53,92,47.8,1.05,150.4
NowHiringKittens#BIG D,Diamond 3,57.5,0.95,122.4,AU,25.5,273,69.8,746,4.7,50,755,20.4,405,"11,664",0.7,KAY/O,81,148,54.1,1.10,148.9
Xess#Clean,Gold 1,61.5,0.93,117.9,SA,21.5,138,69.0,443,9.5,61,324,20.4,160,"4,894",0.8,Reyna,45,81,49.4,1.29,175.2
Oli#4500,Ascendant 3,53.1,1.00,130.5,HU,23.9,191,68.9,551,7.2,58,700,22.2,376,"11,487",0.8,Jett,130,226,50.0,1.09,153.8
Chear#3383,Ascendant 2,50.0,0.90,139.5,DE,22.2,224,74.4,750,3.4,34,"1,594",18.3,788,"25,957",0.8,Raze,717,"1,243",50.8,1.04,170.4
Fantazer#8131,Diamond 1,61.5,0.95,130.5,AM,16.2,183,77.2,874,6.6,75,918,14.8,438,"12,289",0.6,Viper,139,234,47.4,0.89,130.0
Axela0ss#01113,Platinum 3,40.0,1.19,161.8,GR,26.4,287,66.2,719,7.4,80,625,20.0,316,"12,171",0.9,Reyna,115,196,50.5,1.45,187.5
Kyedoo#shoko,Unranked,0.0,0.75,88.6,VN,22.6,217,69.4,666,8.0,77,288,15.0,160,"4,135",0.7,Sage,78,137,51.1,0.71,101.3
Byakya#AIM,Ascendant 1,45.4,0.89,117.0,US,17.1,177,75.7,785,7.2,75,391,16.2,197,"5,863",0.7,Sage,37,65,56.9,1.01,132.3
GMB DoJ#69420,Gold 2,50.0,1.09,170.8,VN,12.6,179,79.3,1123,8.1,114,386,14.5,177,"6,138",0.8,Viper,110,197,50.3,1.17,158.5
よわよわのゆう#WCT,Diamond 3,51.2,1.33,176.0,JP,22.0,242,70.9,779,7.1,78,"1,006",19.5,504,"18,075",0.9,Jett,197,323,51.7,1.22,166.4
TL F4rceFlash#TTV,Diamond 3,40.0,1.11,145.9,DE,23.4,263,69.2,776,7.4,83,"1,567",20.2,760,"24,383",0.7,Sage,315,547,52.5,1.05,135.7
atomcorp#COZA,Platinum 1,51.2,1.00,157.2,RU,12.5,234,75.1,1402,12.3,230,434,12.0,210,"8,128",0.9,Raze,172,290,52.4,1.38,196.4
Alxc#Vibes,Bronze 2,34.8,1.16,154.6,US,21.3,252,72.5,858,6.2,73,129,15.8,56,"2,142",0.8,Reyna,44,75,44.0,1.20,154.8
Tripppy#OCE,Diamond 2,40.0,0.58,90.2,AU,31.6,172,61.6,335,6.8,37,842,22.2,394,"13,793",0.8,Reyna,293,521,47.0,1.05,156.4
kelow#domi,Silver 3,50.8,1.14,152.3,US,15.7,259,75.9,1256,8.4,139,255,16.4,122,"3,989",0.7,Fade,90,151,45.0,1.01,143.1
Fornika2r#dontu,Ascendant 2,47.7,1.06,144.6,CL,15.7,194,77.7,962,6.6,82,"1,989",13.6,968,"31,364",0.8,Sova,224,382,53.1,1.00,142.5
zadiakdeuS#nashe,Diamond 2,51.3,0.99,141.3,None,15.4,160,79.1,820,5.5,57,"1,108",16.0,549,"16,593",0.7,Chamber,173,293,48.1,0.99,138.5
Master Oogway#1155,Platinum 2,51.4,1.15,151.9,PK,19.8,205,72.2,747,8.0,83,278,16.8,135,"4,017",0.7,Jett,75,128,57.0,1.07,147.6
peachy#0806,Gold 2,52.4,0.92,124.3,ID,15.8,207,77.0,1009,7.2,95,573,12.8,274,"7,699",0.6,Killjoy,195,330,53.3,0.92,128.4
valazio195#BUMI,Platinum 3,66.7,0.96,119.1,ID,27.4,182,66.3,441,6.3,42,"1,668",16.0,804,"21,934",0.6,Breach,244,415,46.5,0.88,122.9
MezX#06060,Platinum 1,57.1,1.41,173.2,FR,17.9,235,75.1,984,6.9,91,59,19.5,34,"1,078",0.9,Viper,10,18,44.4,1.28,159.0
degoreo#nyaw,Bronze 2,50.0,0.94,124.5,PH,9.3,100,79.1,848,11.6,124,90,12.1,44,948,0.5,Sage,22,38,47.4,0.56,86.8
YAHANU#1308,Bronze 2,33.3,1.10,142.9,ID,14.5,152,70.8,741,14.6,153,50,10.2,24,732,0.7,Chamber,11,19,68.4,1.04,143.8
monkedesgraciao#monke,Silver 3,61.8,1.28,165.3,CL,11.1,217,78.9,1541,9.9,194,101,9.4,52,"1,759",0.8,Neon,23,41,58.5,1.25,161.5
ItsLiu#0001,Bronze 2,63.6,1.00,147.6,US,18.0,184,72.9,745,9.1,93,71,16.2,36,"1,074",0.8,Reyna,12,25,44.0,0.84,139.1
OnYourLeft#十十十,Ascendant 1,61.3,1.12,148.2,US,33.3,285,63.7,546,3.0,26,"1,902",25.3,931,"29,586",0.7,Chamber,262,466,50.9,1.14,152.5
STRANGe#Tenz,Silver 2,51.4,0.96,140.5,IN,15.7,201,76.6,984,7.7,99,424,16.1,201,"6,160",0.7,Jett,53,91,49.5,1.02,156.3
rasbarruy#1tap,Gold 3,35.1,1.13,161.8,US,28.2,302,65.4,700,6.4,68,629,26.0,295,"9,381",0.7,Skye,136,242,52.1,0.97,140.1
wennsdae#phjei,Silver 3,45.0,0.80,118.7,US,26.7,171,69.2,443,4.1,26,"1,162",22.5,559,"14,655",0.6,Sova,278,468,49.6,0.85,124.7
RainyDevil#TTC,Unranked,55.6,1.26,173.3,CO,16.3,190,76.3,887,7.4,86,169,15.5,88,"2,390",0.7,Sage,50,87,57.5,0.94,122.4
PachecoTvOficial#2578,Diamond 1,53.1,1.15,143.3,BR,20.3,162,72.9,581,6.8,54,"1,469",16.6,716,"19,807",0.7,Killjoy,334,558,50.7,1.05,139.7
Yakult#hello,Iron 3,42.9,1.55,157.5,US,19.4,93,72.4,347,8.1,39,10,19.4,4,120,1.0,Sage,1.0,2,50.0,1.30,166.0
drexton#1301,Bronze 3,34.6,1.05,149.0,GB,11.4,133,80.2,934,8.3,97,71,12.9,29,"1,047",0.7,Chamber,18,33,45.5,1.10,143.1
feraxhp#Yuly,Silver 3,57.9,1.06,124.4,CO,21.0,176,71.2,598,7.9,66,161,19.3,80,"2,239",0.7,Chamber,38,64,51.6,1.18,144.1
pollo#1205,Unranked,56.5,1.13,160.6,MX,13.9,79,81.5,462,4.6,26,7,13.9,3,105,0.8,Neon,2.9,5,40.0,0.90,160.5
Soupy#1228,Platinum 1,40.0,0.99,139.2,US,19.1,205,76.8,823,4.1,44,303,15.6,150,"5,415",0.9,Sage,57,99,52.5,1.08,143.1
vye#1only,Diamond 2,47.4,0.87,121.7,RS,40.7,288,54.6,386,4.7,33,"1,368",22.3,697,"19,900",0.7,Reyna,140,243,53.5,1.12,157.8
rei#silly,Silver 1,45.5,0.84,116.0,US,12.0,137,73.2,835,14.8,169,194,12.0,94,"2,159",0.6,Sage,18,37,51.4,0.66,97.4
forsik#bad,Platinum 3,60.0,1.28,190.7,RU,29.0,323,67.6,752,3.4,38,491,21.6,241,"10,741",1.1,Reyna,54,92,54.3,1.66,227.3
ValorJett#6108,Silver 3,51.6,0.90,130.0,US,26.6,224,65.7,553,7.7,65,377,19.5,190,"5,672",0.7,Reyna,75,139,56.1,1.16,162.3
ttvrevolversmoke#4592,Diamond 1,43.5,1.14,166.7,US,27.3,244,68.2,609,4.5,40,"1,619",23.3,791,"27,230",0.8,Chamber,386,684,48.7,1.11,154.3
Kung Fu Kenny#6449,Immortal 1,51.6,1.13,135.9,DE,24.8,277,71.3,796,3.9,43,"1,128",21.7,565,"18,365",0.8,Omen,76,134,42.5,1.08,135.7
bell#ash,Unranked,0.0,0.00,10.1,GI,24.5,254,68.7,713,6.8,71,177,18.8,96,"2,156",0.6,Viper,23,37,45.9,0.81,114.0
Eulogy#IRIS,Platinum 3,46.7,1.14,162.9,CA,36.4,293,60.9,490,2.6,21,"1,155",30.9,568,"19,614",0.8,Jett,275,476,49.6,1.07,158.3
snorlaxxatives#1309,Bronze 2,33.3,0.84,122.7,AU,13.0,131,74.5,753,12.6,127,150,13.5,73,"1,428",0.5,Viper,40,73,43.8,0.68,111.1
dread#1437,Ascendant 3,50.0,1.19,155.4,CN,37.0,305,58.6,483,4.4,36,217,30.2,116,"3,893",0.9,Sage,41,71,38.0,1.17,155.9
Exo#IMMO,Diamond 1,38.9,1.07,168.8,HR,28.7,230,66.8,536,4.5,36,209,26.1,85,"3,172",0.7,Jett,28,49,49.0,1.14,158.3
Joyst1ck#1337,Immortal 3,52.2,1.02,137.0,RU,15.1,144,76.0,726,8.9,85,"1,762",17.2,864,"27,718",0.7,Phoenix,363,617,49.4,1.17,150.9
ADIRE Tressort#BELG,Diamond 3,68.1,1.05,150.7,BE,24.9,229,67.9,625,7.3,67,377,18.9,185,"6,310",0.8,Reyna,86,152,50.0,1.15,166.2
Frozen#vlrnt,Diamond 1,55.0,1.13,146.5,MY,21.9,249,70.0,796,8.1,92,430,21.0,225,"6,651",0.7,Sage,67,112,57.1,1.13,142.8
ladies sommelie#carry,Platinum 1,52.0,0.73,106.7,RU,0,0,0,0,0,0,0,0,0,0,0,0,0,0,0,0,0
Skrub#4925,Diamond 2,45.2,0.92,142.5,US,21.9,285,73.6,960,4.5,59,426,15.7,211,"6,783",0.8,Raze,204,353,50.7,1.01,157.8
锅包肉#W01,Gold 1,50.0,0.99,128.5,SG,11.4,193,76.9,1300,11.7,198,69,9.9,41,"1,213",0.8,Sage,14,23,82.6,1.29,157.7
Raékwon#1400,Diamond 1,70.0,1.20,157.7,TR,27.0,273,66.1,669,6.9,70,412,18.5,221,"6,187",0.7,Reyna,52,92,46.7,1.04,157.4
NightmareFuel#koka,Platinum 3,49.2,0.96,134.6,HU,26.1,283,66.9,724,7.0,76,"1,502",18.6,725,"21,516",0.7,Sage,312,532,52.3,0.94,130.3
Hodg#1415,Immortal 3,58.2,1.09,153.2,GB,25.0,254,68.2,694,6.8,69,331,21.8,176,"5,675",0.8,Chamber,54,93,46.2,1.12,156.5
Shold#4298,Diamond 1,46.7,1.23,147.1,RU,27.5,262,64.6,616,7.9,75,209,21.6,98,"2,808",0.7,Sage,69,122,46.7,0.98,120.3
SLZ TOXiN#69XXX,Gold 1,40.0,0.74,112.1,BD,22.7,228,69.4,697,8.0,80,916,19.2,416,"13,912",0.7,Omen,166,295,45.8,0.97,130.6
ReverseWK#7299,Diamond 1,58.0,1.35,162.8,DO,27.1,237,69.6,610,3.3,29,157,16.1,77,"2,671",0.8,Chamber,32,55,54.5,1.30,159.4
quet#1312,Gold 2,50.0,1.11,174.0,RS,20.6,219,73.6,782,5.7,61,124,18.7,60,"1,903",0.8,Jett,31,60,51.7,1.00,155.2
Señοrita#Toxic,Diamond 3,45.8,0.91,123.7,GR,23.0,222,71.0,684,6.0,58,"3,767",25.2,"1,826","52,652",0.7,Viper,555,955,50.8,1.01,130.9
PizzA stEvE#sexy,Diamond 3,50.7,1.03,129.8,DZ,26.3,254,67.5,652,6.2,60,753,21.9,383,"11,311",0.7,Chamber,75,129,42.6,0.98,133.0
yuk1koちゃん#ITZY,Platinum 2,50.0,1.01,148.2,PL,17.2,198,76.8,885,6.0,69,494,13.8,244,"8,156",0.8,Jett,119,210,49.5,1.07,151.1
FLseleur#4444,Silver 2,40.5,0.98,126.2,CA,19.1,175,75.3,688,5.6,51,221,14.5,109,"2,948",0.7,Neon,47,85,54.1,0.96,135.8
