id,rank,win%,k/d,dmg/rnd,region,acc_head_%,acc_head_hits,acc_body_%,acc_body_hits,acc_leg_%,acc_leg_hits,matchs_played,headshot_%,wins_total,kills_total,avg_kill_per_rnd,top_agent_nam,top_agent_time_hrs,top_agent_matchs,top_agent_win_%,top_agent_kd_avg,top_agent_adr
LF Queen 2 Spoil#Sub,Iron 3,63.6,2.27,232.5,US,28.4,357,66.7,838,4.9,61,33,25.2,19,510,1.1,Reyna,5,11,90.9,3.48,301.1
Kamiyadah#EUNE,Platinum 3,45.9,1.3,176.5,HU,24.7,323,70.4,922,5,65,302,23.4,156,"5,922",0.9,Chamber,49,85,56.5,1.46,187.5
Residentj3553#3553,Diamond 3,50,0.89,120.7,US,19.8,201,70.3,714,9.9,101,255,16.5,138,"3,456",0.7,Omen,68,120,56.7,1.04,140.2
Blackyy#Trxsh,Platinum 2,65.4,1.05,147.1,FR,9.5,136,76.1,1093,14.5,208,221,12.8,111,"3,400",0.7,KAY/O,69,117,53,1.06,151
WannaCry#HaHa,Diamond 1,43.2,1.07,154.4,HU,16.7,215,74.6,959,8.6,111,"1,465",17.1,703,"23,380",0.8,Jett,297,497,50.9,1.16,161.2
Rayness#bees,Platinum 1,50,0.9,130.2,PT,11.7,132,78,877,10.3,116,757,10.3,383,"11,834",0.8,Reyna,149,267,50.9,1.18,162.4
VLK Nikuu#heyy,Ascendant 2,53.2,1.05,136.9,AU,24.6,209,72.5,615,2.8,24,"1,445",20.9,740,"22,432",0.7,Viper,155,269,54.6,0.99,132.9
Trica Bejoan#DUTCH,Ascendant 1,59.1,1.18,158.5,NL,16.2,218,76.2,1024,7.5,101,"1,122",12.9,575,"19,183",0.8,Reyna,269,457,51.4,1.1,158.8
AaronHasMoney#Gang,Platinum 3,58.8,1.13,163,US,19.6,228,74.2,861,6.2,72,"2,942",16,"1,429","44,981",0.7,Reyna,584,"1,011",47.4,1.08,155.4
TGS itzy#TTV,Ascendant 2,61.6,1.26,151.8,AU,15.1,210,71.7,1000,13.3,185,406,20.5,219,"6,579",0.8,Reyna,83,146,54.8,1.17,156.8
DURANDR#000,Immortal 2,61.5,1.17,147.5,ID,16.8,189,77.6,874,5.6,63,411,16,209,"7,848",0.9,Jett,84,142,44.4,1.31,168.3
waves#boobs,Bronze 1,51.2,1.02,143.1,US,10.1,133,74.2,974,15.6,205,232,10.7,110,"2,901",0.6,KAY/O,49,90,50,0.93,132.3
Poi 毒 Son#IDGAF,Silver 3,51.6,1.05,141.3,CA,13,169,76.2,992,10.8,140,"1,108",13.2,545,"15,288",0.7,Brimstone,151,261,50.2,1,133.9
Aurxllie#bunny,Platinum 1,33.3,1.15,153.9,CA,19.5,225,75.1,868,5.4,63,580,18.5,290,"10,155",0.8,Reyna,77,138,47.8,1.23,165.8
Gotakson#0001,Iron 2,45.3,2.52,237.2,SG,78.7,274,20.4,71,0.9,3,613,23.9,271,"8,520",0.8,Jett,87,155,54.8,1.1,156.8
Vex#red,Platinum 1,52,1.26,151.4,US,22,247,73.9,831,4.1,46,444,18,210,"6,914",0.8,Reyna,146,251,48.6,1.15,155.1
drexton#1301,Bronze 3,35.3,1.08,148.5,GB,12.7,156,79.2,972,8.1,99,76,13.1,30,"1,126",0.7,Chamber,19,35,45.7,1.1,142.9
DffFxy#8694,Platinum 3,62.6,1.24,156.7,ID,19.8,305,73.3,1129,6.9,106,283,20,151,"4,625",0.8,Chamber,94,162,51.2,1.07,140.4
Ooif#7210,Gold 2,50,1.14,153.8,CA,9.7,193,74.9,1487,15.3,304,53,9.4,24,788,0.7,Killjoy,26,45,42.2,1.02,142.5
BlurryAl3x#8916,Silver 2,41.7,1.24,148.2,US,8,125,82,1277,10,156,252,10.5,119,"3,376",0.7,Viper,89,159,50.3,1.07,143.8
adyroll#1202,Bronze 1,45.8,1.16,149.1,CA,12.4,178,81.8,1176,5.8,83,439,11,211,"5,961",0.7,Cypher,79,138,52.9,1.15,145.4
capibara#2003,Platinum 1,48.1,0.82,116.6,EC,11.3,118,76.7,798,11.9,124,"1,213",9.9,611,"13,717",0.6,Viper,254,427,52.9,0.77,115.7
WES#mute,Diamond 3,47.1,0.97,130.9,TH,19.4,252,74.1,963,6.5,85,"1,890",15.2,905,"26,241",0.7,Omen,239,419,44.4,0.91,119
Medou#FUNDR,Platinum 2,56.5,0.93,135,CA,24.2,231,70.8,676,5,48,544,23.5,287,"8,181",0.7,Reyna,97,169,52.7,1.03,153.9
u can add me#daddy,Platinum 1,68.4,1.83,207.7,CA,25,350,69.9,978,5.1,72,53,24,32,"1,203",1.1,Reyna,12,22,63.6,1.82,214.2
JEBdawg#4160,Iron 2,47.1,0.67,100.2,US,16,124,76.6,595,7.5,58,123,12.5,52,"1,010",0.4,KAY/O,46,83,48.2,0.6,93
OMEGA#0505,Diamond 1,48.5,0.97,146.8,None,28.9,269,66,614,5.1,47,613,27.3,303,"10,938",0.9,Jett,134,245,52.2,1.13,169.8
bunnyheadbaby#9251,Unranked,63.6,1.24,157.2,US,10.4,60,74.5,430,15.1,87,12,10.4,6,92,0.4,Sage,3.1,6,50,0.66,113.2
BabyYouMad#NA1,Silver 2,50,1.34,160.3,US,12.1,166,80.5,1102,7.4,101,141,12.1,64,"2,358",0.8,Cypher,28,51,43.1,1.18,151.5
Aym#ttv,Ascendant 3,48.4,1.19,156.5,ES,21.5,206,70.4,674,8,77,637,20.5,326,"11,266",0.8,Reyna,220,384,53.9,1.17,168.2
romelpezzzz#nashe,Ascendant 2,68.2,1.47,183.9,PE,28,305,69,753,3,33,177,22.6,101,"3,699",1,Sage,25,44,54.5,1.65,205.8
SeryoSo DeCringe#Heheh,Platinum 3,56.6,1.04,155.4,PH,17.6,239,73.5,1000,9,122,259,16.3,122,"4,445",0.8,Reyna,77,136,47.8,1.11,169.7
VLTNVally#1527,Platinum 3,53.8,1.29,160.4,NL,14.3,182,80.7,1031,5,64,304,11.1,148,"4,764",0.7,Sage,63,106,50,0.96,126.6
FLA Kojiro#1981,Gold 3,60,1.33,153.8,BR,24,237,69.9,689,6.1,60,663,16.5,316,"10,032",0.7,Sova,102,169,47.9,1.08,146.9
Alxc#Vibes,Bronze 2,38.6,1.18,155.8,US,21.9,232,71.2,755,6.9,73,135,16,59,"2,239",0.8,Reyna,46,79,44.3,1.19,155.2
8ean#xxxx,Gold 2,47.4,0.96,150.9,US,32.1,278,61.4,531,6.5,56,556,25,271,"8,289",0.7,Neon,94,173,51.4,1.01,163.2
Kanéki Kén#9993,Diamond 3,45.5,1.03,147.7,TR,17.5,180,75.4,776,7.1,73,473,18.8,237,"7,595",0.8,Reyna,88,152,48,1.25,171.7
pingu#cool,Silver 3,34.6,0.84,115.8,US,16.6,163,77,757,6.4,63,723,18.2,354,"8,699",0.6,Sage,160,283,50.5,0.74,111
ZachMadeekBeach#6969,Gold 3,48.3,0.94,140.8,PH,12.3,169,77.1,1061,10.6,146,108,11.8,52,"1,509",0.7,Raze,23,41,53.7,1.02,161.2
quet#1312,Platinum 1,59.5,1.15,175.5,RS,20.3,214,74.1,780,5.5,58,130,18.6,65,"2,011",0.8,Jett,36,66,54.5,1,155.9
Biscuit#KEKW,Ascendant 3,54.2,1.01,131.8,TR,19.3,241,74,925,6.7,84,671,17.5,342,"10,526",0.7,Sage,158,283,49.5,0.99,134.2
rfCxÐ#0000,Silver 3,49.1,1.07,135.8,BR,21,190,72.3,654,6.7,61,720,19.1,347,"10,422",0.7,Jett,95,165,47.9,1.03,142.2
NGS Orma#1939,Bronze 1,66.7,0.82,125.8,US,13.4,130,71.2,693,15.4,150,27,13.4,13,271,0.5,Sage,6.4,14,71.4,0.73,111.8
MimiK#4276,Diamond 3,48.6,0.96,121.8,DE,22.2,202,73.6,670,4.2,38,"1,464",22.5,736,"20,959",0.7,Cypher,281,468,48.3,1.03,131.3
SEN NOTTENZ#pro,Platinum 2,52.4,0.98,133.2,TN,25.7,189,65.4,481,8.8,65,"1,205",17.1,603,"17,297",0.7,Chamber,100,165,50.9,1.07,141.8
lilith#D3MON,Bronze 3,50,1,135.6,PT,9.4,150,76.6,1219,14,223,167,8.3,84,"2,119",0.6,Fade,67,118,54.2,0.8,122
Kurisu#4708,Gold 1,40.6,0.85,118.1,GB,14.5,143,72.8,716,12.6,124,32,13.3,13,400,0.6,Brimstone,9,15,33.3,0.83,113.9
TheSearch#1429,Unranked,80,2.15,187.2,DE,0,0,0,0,0,0,0,0,0,0,0,0,0,0,0,0,0
FNC inanis#TAKO,Platinum 3,54.5,0.9,122,TH,13.3,137,79.5,820,7.3,75,743,13.9,352,"10,549",0.7,Omen,52,88,40.9,0.98,127.9
LightningMCQ#4457,Ascendant 1,64.2,1.14,154.3,TH,29.8,292,67,657,3.2,31,223,23.5,120,"3,962",0.9,Phoenix,47,87,52.9,1.25,178.2
Gregory#7174,Diamond 2,51.1,1.16,154.9,AU,21,252,71.8,860,7.2,86,834,15.3,427,"12,725",0.7,Reyna,127,224,53.6,1.19,153.7
KfiOmega#6969,Bronze 3,25,1.27,148.2,GH,17.2,243,73.2,1031,9.6,135,23,17.5,12,481,1.1,Phoenix,5.6,9,33.3,1.86,203.2
Mayday#GODXX,Diamond 1,48.9,1.05,139,IN,22.3,204,73.6,672,4.1,37,"1,225",20.3,596,"19,534",0.8,Jett,104,172,51.2,1.23,165.2
Akimbo#00001,Immortal 2,67.6,1.3,148.5,DE,20.9,210,72,723,7.1,71,154,23.3,92,"2,986",0.9,Reyna,47,85,52.9,1.49,179
GET REKT#Bot,Gold 1,33.3,0.94,141.3,IN,16.8,191,75.3,858,7.9,90,440,14.4,211,"7,382",0.8,Reyna,99,172,51.7,1.2,165.4
NetreX#2060,Silver 2,63,0.7,101.9,MA,13.6,114,74.6,626,11.8,99,150,16.3,83,"1,667",0.6,Reyna,25,46,52.2,0.89,128
zotumn#0001,Platinum 2,54.8,1.16,163.2,US,26.7,344,69,889,4.3,56,789,13.9,395,"12,648",0.8,Raze,144,253,51.4,1.06,169.9
Sleapy#BEST,Diamond 1,60.2,1.32,179.2,None,21.3,274,72.7,934,5.9,76,99,22.2,57,"1,952",1,Breach,51,90,60,1.29,177.2
cartier#5008,Diamond 3,74.2,1.44,186.8,US,29.1,293,65.4,658,5.5,55,239,18.9,129,"4,093",0.9,Reyna,46,86,59.3,1.23,171.4
EIIie#Mommy,Bronze 2,46.5,0.84,122.9,None,11.7,134,77,886,11.3,130,326,11.2,152,"4,150",0.6,Skye,65,108,46.3,0.77,110.1
MESSiMMAN#9609,Silver 2,54,1.08,141.8,IN,9.6,87,81.6,737,8.7,79,"2,510",9.8,"1,226","40,522",0.8,Jett,769,"1,279",47.1,1.1,144.2
Frax#2392,Gold 2,50,1.03,141.6,CZ,25.9,267,69.4,716,4.7,49,349,15.7,172,"4,761",0.7,Sage,75,134,50,0.79,118.6
vanessa my baby#7495,Platinum 1,60.9,1.14,157.9,PH,25.5,234,69.7,641,4.8,44,286,15,143,"4,596",0.8,Jett,60,104,52.9,1.06,139.1
El Rey Dictador#8302,Platinum 3,49.7,1.18,158.6,US,15.2,221,78,1133,6.8,99,871,14.5,435,"15,272",0.8,Raze,130,223,53.4,1.22,169.5
Evenstarミ#000,Platinum 1,50,1.07,150.5,TR,25.1,257,69.6,712,5.3,54,305,17.9,162,"4,247",0.7,Sage,79,138,50,0.9,131.1
Eugeo17#SAO,Silver 2,47.8,0.92,144.3,SI,16,213,73,974,11.1,148,680,14.8,334,"7,964",0.6,Sage,120,216,46.8,0.69,110.4
Windowed#2345,Gold 3,48.4,1.14,158.8,US,24.7,239,69.2,669,6.1,59,317,23,155,"6,082",0.9,Jett,89,155,52.3,1.33,182.5
provslim#1177,Diamond 2,45.1,0.95,125.1,US,23.9,211,70.7,624,5.3,47,918,20.1,439,"13,437",0.7,Omen,123,220,54.1,0.96,130
GKF DiabeticFrap#1911,Bronze 2,51.1,0.82,118.9,GR,26.5,237,67,600,6.6,59,"1,256",17.7,609,"16,142",0.6,Skye,102,181,50.3,0.91,129.5
N0t4lxx#2140,Platinum 1,64.3,1.4,173.4,MK,22.1,290,69.9,917,8,105,227,19.3,123,"4,253",0.9,Jett,58,103,52.4,1.23,170.4
blackcat웃#xxx,Ascendant 3,58.3,1.13,138.1,US,35.1,265,59.2,447,5.7,43,"1,268",21.6,633,"20,270",0.8,Jett,224,402,49.8,1.04,147.2
Violet#G017,Gold 1,43.5,1.05,158.6,SA,26.7,275,69.3,714,4,41,204,21.6,89,"3,400",0.8,Sage,30,52,40.4,1.06,153.6
ン ivx#6969,Bronze 2,30.8,0.79,117.8,BG,10.7,115,72.2,778,17.2,185,23,10.9,9,260,0.6,Brimstone,3.2,6,50,0.89,116.3
HEW Kairos#168,Gold 1,53.3,0.95,141,US,32.4,255,64.5,508,3,24,565,20.4,284,"7,303",0.6,Omen,81,132,47.7,0.85,119.6
LAUHAX#1337,Ascendant 2,50,1.02,133.8,RO,19.5,192,73.5,725,7.1,70,494,17.7,262,"8,312",0.8,Sage,85,149,56.4,1.09,141.3
RikaChuz#EUW,Platinum 2,46.5,0.6,85.9,None,10.9,86,75.1,592,14,110,269,11.4,136,"2,813",0.5,Sage,123,209,52.2,0.74,96.7
bicyclecat#7805,Bronze 2,61.8,0.6,85.2,CA,13.5,103,73.7,562,12.8,98,187,12.9,87,"1,666",0.4,Omen,27,50,42,0.5,81
Rod#8651,Diamond 2,50,0.94,124.3,BR,19.9,210,73.9,780,6.3,66,463,20.4,236,"6,437",0.7,Omen,65,114,52.6,0.89,128.9
FANCY n1zzy lxr#TxH,Radiant,57.9,1.08,146.8,VN,38.9,315,54.4,440,6.7,54,"3,759",20,"1,922","61,868",0.8,Jett,543,979,54.5,1.16,159.1
Crimson Gale#SAD,Unranked,50,1.5,173.2,FR,16,223,76.2,1064,7.9,110,22,15.9,12,343,0.8,Sova,3,5,40,1.03,129.6
iyvrXIII#iyvr1,Bronze 3,44.4,0.83,121,ES,12.9,151,78.5,917,8.6,100,277,9.4,146,"3,362",0.6,Viper,53,96,57.3,0.88,120.5
Adolph#6969,Immortal 1,57.1,1,130.3,SK,32.7,269,62.3,512,5,41,"1,256",25,634,"18,810",0.7,Sage,235,403,54.6,0.99,127.4
Master Oogway#1155,Platinum 2,52.8,1.18,154.1,PK,20.3,209,72.8,750,6.9,71,281,16.9,136,"4,079",0.7,Jett,76,131,56.5,1.07,148.8
ジョーカー#NMDS,Diamond 2,58.3,1.09,144,GB,16.9,179,76.8,814,6.3,67,269,17.8,141,"4,338",0.8,Sage,114,200,53.5,1.17,150.9
wavycolde#104,Platinum 3,53.3,1.03,139,SG,16.7,229,75.3,1032,8,109,"1,774",14.2,860,"29,402",0.8,Chamber,218,386,50.3,1.11,143.9
Eulogy#IRIS,Platinum 3,48,1.13,161.3,CA,36.2,284,61.4,481,2.4,19,"1,158",30.9,568,"19,671",0.8,Jett,276,477,49.5,1.07,158.3
InkompetenzLord#EUW,Platinum 3,53.6,1.12,145.7,DE,18.2,214,74,872,7.9,93,162,16.5,87,"2,594",0.8,Yoru,32,53,54.7,1.04,144.9
GSOWS#ROLD,Diamond 1,66.7,1.1,137.1,PH,24.8,257,69.3,719,5.9,61,347,14.2,179,"4,896",0.7,Killjoy,56,98,51,0.76,115.2
flyingmyvi#MYVI,Platinum 2,43.5,1.06,160.1,MY,19.5,241,73,902,7.4,92,"1,209",17.4,598,"23,055",0.9,Jett,422,756,48.8,1.22,180.1
ﬁt〆ﬂy〆ﬁne〆ﬂu〆ﬂaw#Kaiho,Immortal 2,54.9,1.16,145.4,TH,12.8,135,78.9,831,8.3,87,"1,397",11.2,713,"20,580",0.7,Chamber,144,258,53.9,1.13,146.6
Z4hveT#RUS78,Gold 2,51.9,1.16,149.9,RU,15.2,188,76.3,944,8.6,106,56,17.3,30,952,0.8,Chamber,10,18,44.4,1.12,148.4
R00TL3SS#XDXD,Gold 3,53.8,1.39,173.5,IN,13.6,219,77.8,1256,8.6,139,327,15.1,168,"5,694",0.8,Fade,68,114,53.5,1.14,151.9
1rosha サスケ#f1rst,Immortal 1,52.8,1.19,165.2,RU,29.3,267,64.8,590,5.8,53,"1,229",24.9,609,"20,347",0.8,Jett,170,296,46.6,1.15,157.9
Seliyas#4183,Silver 1,54.2,0.91,136.2,NL,16.9,178,76.4,804,6.7,71,232,14.7,117,"2,698",0.6,Viper,36,64,45.3,0.79,116.6
LVM Killah Ψ#666,Gold 2,57.4,1.04,132.9,CO,14.1,165,78.9,921,6.9,81,834,12.4,397,"13,466",0.8,Sova,224,372,47.8,1.08,156.1
союзмультмилф#666,Silver 3,58.3,1.13,128.9,RU,15.8,176,77.2,858,6.9,77,169,14.7,74,"2,731",0.8,Sage,80,137,43.1,1.21,151.4
Shold#4298,Diamond 1,45,1.2,142.1,RU,27.9,261,64.6,604,7.5,70,214,21.8,100,"2,887",0.7,Sage,71,125,47.2,0.99,120.9
Axela0ss#01113,Diamond 1,45.8,1.15,159.8,GR,26.4,287,66.2,719,7.4,80,625,20,316,"12,171",0.9,Reyna,115,196,50.5,1.45,187.5
锅包肉#W01,Gold 1,50,0.99,128.5,SG,11.4,193,76.9,1300,11.7,198,69,9.9,41,"1,213",0.8,Sage,14,23,82.6,1.29,157.7
iron1#1220,Silver 2,57.7,0.94,122.6,JP,15.5,155,71,708,13.4,134,496,12.8,248,"6,220",0.6,Chamber,43,72,55.6,0.92,133.9
WopSol#2609,Diamond 3,50,0.8,129.3,TR,19.4,202,71.7,745,8.9,92,"1,145",21.4,557,"16,896",0.7,Killjoy,140,249,51.8,0.96,142.4
mugetsu#312,Gold 3,50,0.91,154.1,TR,17.9,198,71.2,787,10.9,120,"1,237",18.7,595,"17,944",0.7,Jett,115,202,50,0.94,134.4
Derkee Elmighwar#QLF,Silver 3,55.3,0.88,112,DZ,17,150,74.8,658,8.2,72,54,17.7,27,621,0.6,Sage,15,28,46.4,0.78,100.5
akash#8603,Silver 2,57.1,1.08,142.2,ES,17.1,210,75.4,925,7.4,91,511,15.9,252,"7,867",0.8,Reyna,146,257,48.6,1.1,143.6
zclaphan#OSD,Diamond 1,44.4,1.07,124.1,US,16.5,167,73.8,749,9.8,99,159,11.6,73,"2,104",0.6,Omen,24,44,52.3,1,126.5
CHIMERAエース#4627,Gold 1,51.2,1.05,143.6,IN,15.2,167,77.5,853,7.4,81,"1,296",15.5,615,"19,599",0.7,Jett,214,369,47.4,1.03,143.6
MIMIDEATH#meow,Immortal 2,65.7,1.05,144.7,US,33,248,63,474,4,30,"2,594",23.5,"1,307","40,838",0.7,Jett,223,391,47.6,0.98,147
Zeref#4786,Diamond 2,58.3,1.22,175.1,US,23.5,231,70,687,6.4,63,377,15.2,197,"5,974",0.8,Chamber,102,185,53,1.11,153.3
ZΞUS#kal,Gold 3,38.5,0.99,129.2,IN,15.2,162,77.9,833,6.9,74,386,13.5,200,"5,947",0.7,Brimstone,50,79,49.4,1.09,147.1
InnerTRINI#4498,Bronze 3,53.6,0.95,134.5,US,14.5,171,71.1,837,14.4,169,301,10.5,144,"3,855",0.7,Astra,101,190,45.8,0.89,133.8
yRonald236#BR1,Platinum 3,50.9,1.13,168.4,BR,17.6,232,75.8,998,6.6,87,901,14.7,427,"16,439",0.9,Reyna,181,320,50.3,1.32,185
twitch yGrimm#guido,Ascendant 3,52.7,1.01,140.6,BR,25.2,227,68.4,616,6.3,57,"1,117",20,550,"17,977",0.8,Reyna,181,323,57.6,1.24,170.9
clash of clans#clash,Platinum 3,49,1.12,156.6,US,28,308,67.7,744,4.3,47,391,18.9,190,"6,822",0.8,Reyna,118,210,52.4,1.25,172.6
imPORTES#BR2,Platinum 2,58.8,1.02,128.4,BR,0,0,0,0,0,0,0,0,0,0,0,0,0,0,0,0,0
TL F4rceFlash#TTV,Ascendant 1,57.1,1.12,150.8,DE,21.3,240,70.4,793,8.3,94,"1,574",20.2,762,"24,483",0.7,Sage,316,550,52.2,1.05,135.6
Toes#6306,Platinum 2,58.8,1.37,174.8,US,23.8,255,68.2,732,8,86,318,16.6,169,"5,112",0.8,Sage,72,130,53.1,1.11,140
DeadClef#1772,Diamond 2,45,1.06,145.5,PH,22.2,239,71.2,768,6.6,71,667,16.8,331,"10,983",0.8,Omen,99,175,48.6,1.13,149.1
shadispyxis#5194,Bronze 2,45,1.16,159.9,MY,21.2,299,73.7,1041,5.1,72,47,18.9,22,701,0.7,Sova,9.3,17,58.8,0.93,120
JETAway#way,Diamond 2,48.6,1.25,157.6,BR,36.8,260,59.2,418,4,28,239,30,117,"4,159",0.8,Chamber,115,193,49.2,1.24,153.8
SadBoyCez#sad,Platinum 3,35.3,0.98,142,US,19.2,198,73.4,755,7.4,76,724,14.5,358,"11,385",0.8,Fade,176,308,48.1,1.07,152.6
MushyTv#NA1,Silver 3,56.2,0.7,105.1,US,9.4,72,71.5,546,19.1,146,16,9.4,9,183,0.5,Chamber,8.6,14,50,0.69,101.4
mocro#6996,Silver 3,42.9,0.98,130.5,DE,10.3,106,75.3,774,14.4,148,61,11.7,30,861,0.7,Jett,17,31,64.5,1.03,135.3
Congos1215#7776,Silver 1,50,1,139.3,US,11.1,170,75.7,1155,13.1,200,162,8.8,81,"1,742",0.5,Jett,25,47,46.8,0.77,117
PhantomAE#1905,Diamond 3,60.9,1.1,150.9,GT,24,238,71.3,706,4.6,46,"1,021",18,500,"15,326",0.7,Jett,148,254,46.9,0.97,146.5
teacup#tikki,Silver 2,46.6,0.95,138.3,CA,13.5,188,78.2,1086,8.2,114,519,10.9,243,"6,969",0.7,Viper,64,112,42.9,0.86,125
SakoKasa#NA1,Gold 3,42.4,0.95,137,CA,14.7,170,76.1,883,9.2,107,458,12.4,223,"7,477",0.8,Reyna,70,117,53,1.27,178.2
Mommy#9551,Bronze 3,42.1,0.86,115.3,US,0,0,0,0,0,0,0,0,0,0,0,0,0,0,0,0,0
FCΚ KeleeeS#FCK,Diamond 1,52.7,1.01,154.7,TR,19.4,225,75,868,5.5,64,"1,538",19.8,737,"24,991",0.8,Jett,523,906,49.3,1.05,154.4
SexyDogCollector#Wink,Unranked,73.2,2.06,247.4,FI,0,0,0,0,0,0,0,0,0,0,0,0,0,0,0,0,0
SexyPeanutButah1#EUPOG,Unranked,77.6,1.92,224.7,FI,0,0,0,0,0,0,0,0,0,0,0,0,0,0,0,0,0
elemental#4266,Bronze 3,55,0.98,130.9,None,28.2,182,65.4,422,6.4,41,45,23.9,23,525,0.6,Jett,8.1,14,85.7,0.8,100.3
Akira ツ#15y,Ascendant 3,25,1.33,170.6,BR,31.7,305,65.2,627,3,29,463,26.1,246,"8,462",0.9,Reyna,209,373,52,1.14,167.6
kenchik#051,Immortal 1,50.9,1.03,132.8,RU,34.3,255,62.2,463,3.5,26,"1,459",28.8,738,"23,911",0.8,Reyna,175,306,55.2,1.32,168
discounttea#meow,Unranked,53.2,1.13,157.4,US,8.4,119,74.5,1051,17,240,49,11.4,18,568,0.6,Sage,12,23,26.1,0.68,128.8
G2K Tessa#1668,Diamond 1,57.1,0.68,98.3,HR,13.6,114,77.2,649,9.3,78,"1,309",15.3,648,"12,685",0.5,Killjoy,330,572,48.1,0.63,101.4
Lepatats#EUW,Silver 2,51.1,1.01,137.4,ES,9.1,116,80.9,1031,10,128,207,12.5,97,"2,820",0.7,Skye,84,142,47.9,0.9,126.9
DRX Raijin#Hoshi,Ascendant 1,47.9,1.03,139.5,RS,21.3,246,73,843,5.7,66,"1,441",17.9,702,"21,175",0.7,Viper,288,494,49.8,0.97,129.8
Mellachris#uwu,Bronze 3,42.9,0.96,154.5,DE,10.6,139,77.3,1012,12.1,159,45,12.1,21,632,0.7,Fade,10,21,61.9,1.06,153.3
XSET EVO#011,Diamond 2,36.4,1.15,149.8,US,39,339,58.5,508,2.5,22,947,27.1,464,"16,356",0.8,Jett,148,269,45.7,1.18,166.5
Zero2 소피아#1234,Silver 2,62.5,1.28,163.6,BR,9.7,173,71.2,1267,19.1,340,367,9.1,173,"5,758",0.8,Viper,59,102,52,1.14,147.6
100 Edpi#1Tap,Immortal 1,50.8,1.03,150.4,GB,34.1,283,63,523,2.9,24,921,25.2,484,"16,514",0.9,Chamber,205,358,54.5,1.15,164.1
wise#1000,Diamond 3,40,0.93,154.6,US,18.1,252,74.9,1040,7,97,409,15.2,210,"6,309",0.8,Phoenix,100,180,52.8,1.13,168.5
PATRIlOTA#FlorK,Platinum 1,33.3,1.09,142.3,BR,0,0,0,0,0,0,0,0,0,0,0,0,0,0,0,0,0
damaged potato#0001,Silver 2,51.3,1.15,149.9,IN,16.4,187,77.2,880,6.4,73,269,14,132,"3,934",0.7,Sage,56,96,46.9,1.08,146.2
Devin#3784,Immortal 2,53.5,1.05,148.2,US,23.9,274,69.9,802,6.2,71,941,22.8,483,"15,898",0.8,Omen,102,190,54.2,0.99,142.9
StigA11#IDK,Platinum 1,43.8,0.76,114.7,NO,13,136,77.7,811,9.3,97,311,10.6,146,"3,887",0.6,KAY/O,34,57,49.1,0.74,115.3
mitamerlane#michu,Platinum 3,60,1.03,146.8,RU,11.4,151,74.3,981,14.3,189,448,12.6,229,"6,185",0.7,Fade,98,164,54.3,0.88,131.9
dafneii#777,Diamond 2,58.3,1.18,154.2,TR,26.9,240,68,607,5.2,46,747,18.8,375,"10,981",0.7,Sage,156,279,49.1,0.95,125.3
ApplePie#pye,Diamond 2,57.8,1.15,147.5,CA,14.6,138,79.3,752,6.1,58,916,11,474,"14,495",0.8,Cypher,198,340,50.3,1.02,143.3
scrunge#1312,Iron 2,11.1,0.94,123,US,10.1,119,80.4,952,9.5,113,31,9.6,13,426,0.7,Neon,5.1,9,55.6,0.96,143.7
V1C7OR#XDDD,Gold 2,63.4,1.18,157.3,ES,13.1,185,78.5,1111,8.5,120,223,11.6,116,"3,788",0.8,Jett,33,58,50,1.03,146.6
lowtab qcoo#1807,Platinum 2,55.6,1.13,158.9,RU,24.9,257,69.7,721,5.4,56,984,19.5,484,"15,553",0.8,Sage,214,366,51.9,0.99,142
ωompωomp#ωomp,Gold 1,22.2,0.95,130.2,CA,18.9,219,76.2,881,4.8,56,"1,299",13.9,631,"17,834",0.7,Reyna,392,686,49.1,0.92,138.4
Nexusツ#sus,Gold 3,54.3,1.1,161.8,MX,17.5,224,75.4,964,7,90,267,18.6,136,"4,317",0.8,Neon,37,63,42.9,0.77,123.6
Zoro#8726,Platinum 1,57.1,1.04,149,US,19.5,228,75.9,889,4.6,54,989,14.7,489,"14,382",0.7,Raze,196,339,53.4,1.07,156.1
Roochie#420,Silver 3,50,0.9,148.9,US,15,203,78.5,1065,6.6,89,33,15.6,16,622,1,Reyna,15,30,46.7,1.43,195.2
Kamitsu#good,Iron 3,36.2,0.74,119.7,BD,9.2,128,72.8,1008,17.9,248,145,9.5,63,"1,842",0.6,Fade,39,67,37.3,0.81,122.6
ohmpope#dnd,Platinum 1,47.7,1.1,156.3,US,20.4,247,74.2,898,5.5,66,684,16.1,330,"9,739",0.7,Jett,84,148,48,0.97,146
komisan#6969,Diamond 1,52.9,0.99,147.3,TN,31.3,308,64.5,635,4.3,42,618,25.2,303,"10,466",0.8,Viper,127,225,44,0.99,153.4
d0nt#1taps,Ascendant 3,58.1,0.97,147.3,CZ,24.6,225,71.2,650,4.2,38,"2,378",19.5,"1,161","34,269",0.7,Brimstone,265,463,50.8,0.93,134.8
Juutachi#vr00,Gold 3,63,0.82,112.5,IN,14.9,143,73.7,707,11.4,109,784,17.1,384,"10,617",0.6,Sage,158,264,49.6,0.77,114.6
Obstsalat#Miau,Silver 3,56.2,1.3,168.6,DE,31.7,333,65.9,693,2.4,25,345,23.8,163,"5,803",0.8,Reyna,48,85,48.2,1.3,182.9
TimmytheShepp420#3375,Platinum 2,54.1,1.18,149.1,DE,18,207,75.3,868,6.7,77,709,15.8,346,"10,796",0.7,Reyna,151,253,55.3,1.18,157.6
Killua#ace4k,Diamond 2,57.6,1.08,153.7,MY,31.6,289,64.7,592,3.7,34,410,22.5,209,"5,591",0.6,Jett,58,105,47.6,0.87,130.3
Your Raze#6900,Silver 2,56.5,0.92,131.4,NA,19.5,211,69.8,757,10.7,116,474,12.8,244,"6,320",0.7,Raze,43,76,57.9,0.99,151.6
abstraction#7788,Bronze 2,70.8,1.12,147.3,IN,14.7,198,78.3,1056,7,94,52,13.8,28,759,0.7,KAY/O,8,13,69.2,1.07,135.4
Bendju0va#666,Platinum 2,43.6,1.07,139,SK,13.2,153,75.5,876,11.3,131,744,12,365,"11,237",0.7,Omen,187,321,52.3,1.07,138.3
marigz#6557,Silver 3,71.4,0.89,126.5,CO,14.9,216,79.6,1154,5.5,79,249,10.8,125,"3,009",0.6,Killjoy,86,140,52.9,0.93,135.6
oRocket#6005,Bronze 3,51.9,1,129.7,HN,11.4,139,71.9,879,16.7,204,93,10.4,47,"1,279",0.7,Sage,13,24,66.7,0.93,112
JINCHRIKI#6970,Bronze 2,47.8,0.95,142.7,US,12.9,139,75.4,814,11.7,126,159,13.5,76,"2,249",0.7,Fade,55,98,51,0.99,140.3
Maey#nani,Iron 3,50,0.73,103.6,PH,9.2,94,78.1,799,12.7,130,57,9,29,615,0.6,Reyna,7.2,13,61.5,1.06,138.7
RikyTuga#2840,Platinum 1,47.4,1.15,154.8,PT,18.1,203,75.1,840,6.8,76,"1,381",14.6,675,"22,575",0.8,Reyna,441,745,47.7,1.15,155.3
cinnabunny#boo,Unranked,0,0.07,38.6,GB,7.1,20,70.6,199,22.3,63,7,7.1,3,69,0.5,Killjoy,3.7,7,42.9,0.66,103.9
raccey#143,Silver 3,45.7,1.1,153.2,DE,15.8,200,77.9,984,6.3,79,184,15.2,93,"2,873",0.8,Jett,27,51,60.8,1.16,156.8
crazyn00b#LVA,Iron 2,50,0.98,121.8,LV,9,114,68.7,868,22.2,281,29,9.3,11,401,0.7,Fade,3.1,5,60,1,126
Naos#3195,Ascendant 2,50,0.91,114.7,IT,22.2,202,72.2,657,5.6,51,"1,506",16.8,737,"21,730",0.7,Sage,643,"1,098",49.5,1.05,127.2
i miss him#ughhh,Bronze 3,60,0.97,150.8,US,13,155,77.5,925,9.5,113,37,13.6,17,503,0.7,Reyna,8.4,15,33.3,1.01,134.4
Sparkly#6969,Bronze 1,33.3,1.04,153,IT,10.2,155,76.9,1164,12.8,194,32,9.5,10,552,0.8,Fade,4.4,7,42.9,1.09,145.3
V1 Vlu#777,Gold 2,61.8,0.79,112.4,US,13.4,118,75.5,664,11.1,98,435,15.1,218,"5,502",0.6,Jett,51,96,60.4,1.13,161
toaster#7652,Bronze 3,47.6,1.16,163.9,FI,13.9,199,75.9,1085,10.2,146,51,14.8,23,898,0.9,Reyna,16,28,50,1.3,180.8
Soar#1428,Bronze 3,73.3,0.96,127.6,US,16.5,151,75.6,693,8,73,63,14.5,33,831,0.7,Chamber,28,51,56.9,0.84,124.1
Hybrid#9181,Platinum 1,54.8,1.16,153.9,US,21.3,195,72.5,665,6.2,57,384,17.4,195,"5,518",0.7,Fade,56,100,48,0.73,109.1
GS Kwimpyy#strn,Ascendant 3,65.6,1.32,165.7,TR,19.3,211,72.3,792,8.4,92,622,20.5,327,"10,649",0.8,Sage,150,267,53.9,1.14,151.2
GiraffeJiggler80#9996,Unranked,0,0,0,US,0,0,0,0,0,0,0,0,0,0,0,0,0,0,0,0,0
GoHardMurky#Dor,Gold 3,62,1,139.7,DE,15.1,160,75,795,9.9,105,164,20.4,83,"2,380",0.7,Reyna,24,43,65.1,1.1,153.2
Just Coco#NAW,Gold 2,33.3,1.05,147.6,US,17.2,182,72,764,10.8,115,277,16,133,"4,439",0.8,Jett,33,62,46.8,1.04,163.1
crallkk#EUW,Platinum 1,46.2,0.94,146.9,PT,29.4,312,67,711,3.6,38,662,21,338,"10,932",0.8,Jett,200,339,53.4,1.12,155.3
MaestroKing#2526,Iron 3,51.1,1.07,151.1,ES,16.5,178,75.9,817,7.5,81,204,11.6,92,"2,629",0.7,Sage,21,40,42.5,0.81,127
PhenomXO#EZZ,Diamond 2,50.4,0.75,117.1,IN,19.3,190,73.8,727,6.9,68,"1,955",19.3,990,"29,211",0.7,Jett,263,455,48.1,0.96,142
Ram#re0,Iron 3,49.5,1.03,148.1,CH,10,139,80,1112,10,139,288,10.2,136,"3,997",0.7,Jett,33,64,46.9,0.79,125.4
YumekoJabami#UwU,Gold 2,48.2,0.81,111.8,PL,0,0,0,0,0,0,0,0,0,0,0,0,0,0,0,0,0
shini#boo,Platinum 2,88.9,1.2,157.5,DE,11.5,179,76.6,1191,11.9,185,175,11.2,92,"2,488",0.7,Sage,34,59,50.8,0.9,123.7
Fusional#9764,Unranked,33.3,0.83,126.8,None,14.8,56,70.4,266,14.8,56,6,14.8,2,77,0.7,Omen,1.6,3,33.3,0.83,126.8
SINDBAD#000,Platinum 3,44.1,0.93,130.6,EG,19.2,177,71.1,656,9.7,89,508,19.7,258,"7,127",0.7,Chamber,47,80,47.5,0.92,127.5
kytchu#kawai,Iron 3,39.3,0.85,120.2,IN,15.9,169,70.8,751,13.3,141,219,11.8,113,"3,013",0.7,Sage,95,163,56.4,0.99,131.6
lester#asss,Diamond 2,42.9,1.09,143.7,AU,21.9,242,72.1,797,6.1,67,"1,189",19.7,586,"20,853",0.9,Reyna,445,799,49.7,1.28,174
R1chard3k#GRAND,Silver 2,56,1.1,151.3,SK,12.1,121,79.7,799,8.3,83,323,13.1,163,"5,220",0.8,Reyna,82,140,52.1,1.19,161.4
Khaled#exe,Diamond 2,51.9,1.01,131.2,SA,23.9,201,69.4,584,6.8,57,157,24.8,79,"2,303",0.7,Skye,23,40,52.5,0.89,126.6
FallenAngel#6025,Unranked,41.7,0.7,98.6,IL,0,0,0,0,0,0,0,0,0,0,0,0,0,0,0,0,0
Weason#wgod,Immortal 2,65.3,1.12,146.9,TR,27.4,239,65.9,574,6.7,58,542,20.7,276,"9,105",0.8,Jett,61,109,56,1.22,163.5
máquina#so ez,Immortal 1,69.2,1.33,201.2,TR,25.9,336,68.6,889,5.4,70,"1,121",25.3,571,"19,294",0.8,Reyna,120,206,55.8,1.28,174.1
ilovemcflurry123#flurr,Silver 1,48.5,1.11,145,MY,14.6,191,78.8,1031,6.6,86,249,11.8,116,"3,687",0.7,Reyna,33,59,52.5,1.18,162.6
Sife#1991,Ascendant 3,57.1,1.06,146.5,EG,29.5,288,64.5,630,5.9,58,"2,508",24.8,"1,232","39,068",0.7,Jett,412,718,50,1.03,150.9
RazrivatelAHYCOB#8888,Platinum 1,62.5,1.09,137.9,KZ,20.4,186,72.9,665,6.7,61,262,19.9,138,"4,494",0.8,Omen,34,57,52.6,1.19,162.4
ShotGunPlayer#1995,Diamond 1,45.5,0.93,121.3,TH,9.2,237,75.9,1961,14.9,385,"2,268",10.6,"1,094","35,586",0.7,Reyna,387,674,52.2,1.08,157.1
MB A1mz#King,Platinum 1,64.3,1.1,152.7,FI,18.2,178,71.9,703,9.9,97,199,15.2,110,"3,372",0.8,Reyna,44,76,56.6,1.2,176.3
karuszczak#EUNE,Diamond 2,47.4,0.94,128.8,PL,17.5,166,73.4,695,9.1,86,299,18.4,149,"5,063",0.8,Omen,97,169,47.9,1.19,155.1
beetlejuice#369,Silver 3,46.3,1.07,138.8,US,13.4,163,79.7,971,6.9,84,248,13.1,119,"3,704",0.7,Reyna,49,90,48.9,1.18,148.4
bro1g1#6996,Gold 3,50,1.07,137,PT,18.8,187,74.7,745,6.5,65,219,13.9,108,"3,071",0.7,Jett,38,65,50.8,0.88,126.7
MP KaiserXImpact#God,Silver 3,50,1.56,208.9,None,18,239,75.8,1009,6.2,83,149,19.8,74,"3,138",1,Jett,45,76,53.9,1.38,193.5
lookin for mommy#eboy,Ascendant 1,63.6,1.64,217.5,DE,31.2,288,65.5,605,3.3,30,389,22.8,218,"6,685",0.8,Reyna,158,272,57.7,1.15,160.8
auto dnd#auto,Silver 3,53.1,1.07,151.4,PH,25.8,229,66.9,593,7.2,64,174,26.5,87,"2,746",0.8,Chamber,58,108,49.1,1.1,147.2
FyaH#ESP,Ascendant 2,56.6,1.11,157,ES,18.8,219,73.7,859,7.5,88,"2,116",15.5,"1,036","34,786",0.8,Reyna,364,653,50.1,1.09,158.4
Ryuga#8055,Gold 2,47.8,0.99,139.2,IN,13.9,172,80.6,996,5.4,67,886,12.2,424,"14,726",0.8,Reyna,217,370,45.4,1.16,155
eng Na Choice đá#MinHy,Gold 1,50,0.93,134.3,VN,17.6,221,70.8,888,11.6,145,546,15.7,260,"7,696",0.7,Sage,174,301,50.8,0.93,136
kody#0444,Diamond 1,33.3,0.91,125.7,GB,24,220,71.5,656,4.6,42,52,23.6,24,766,0.7,Reyna,13,25,32,0.87,121.1
arri#7777,Platinum 1,45.9,0.67,94.8,MY,10.2,91,76.2,680,13.6,121,439,13.7,210,"6,724",0.7,Reyna,53,93,38.7,1.04,153.9
Spice#Mommy,Ascendant 2,52.6,0.92,125,NL,24.6,225,72.9,667,2.5,23,"2,106",15.7,"1,073","30,492",0.7,Killjoy,408,695,52.7,1.03,142.8
Palmolives#6640,Diamond 2,52.6,1.05,147.6,US,25.8,256,68.4,678,5.8,57,773,18.5,388,"11,441",0.7,Reyna,92,165,56.4,1.2,168.4
kimanier#EUW,Unranked,0,0,0,MU,15.7,229,76.2,1110,8.1,118,63,14.4,23,860,0.7,Raze,12,23,34.8,0.88,141.2
hackerend#booby,Gold 3,53.8,0.93,124.9,IN,14.7,175,71.2,850,14.2,169,916,12.7,451,"12,547",0.7,Chamber,155,264,50.8,1.11,151.6
KC7#BP88,Diamond 1,75,1.42,176.8,PH,20.4,178,73.4,641,6.2,54,963,14,487,"14,813",0.7,Jett,150,266,52.6,1.01,151.1
Luminite#Come,Ascendant 2,61.9,0.91,116,AU,17,196,70.2,811,12.9,149,697,15.9,364,"11,067",0.8,Killjoy,200,354,50.6,1.03,147.4
Sir McGirth#big,Diamond 1,55,1.03,132.4,SG,21.8,230,73.9,780,4.4,46,215,18.8,110,"3,324",0.7,Fade,34,57,57.9,0.86,113.6
MyLove#you,Gold 3,51.4,0.73,101.6,SE,27.6,199,65.8,475,6.6,48,507,19.7,250,"6,575",0.6,Viper,87,155,52.3,0.91,128.9
c0L#1081,Unranked,100,2.29,186.3,CA,19.1,222,73.9,857,7,81,346,13.1,175,"5,958",0.9,KAY/O,35,65,44.6,1.02,142.7
A L E X#ANIME,Diamond 3,64.5,1.22,171.8,DK,21,245,72.4,846,6.7,78,202,22.6,113,"3,864",0.9,Jett,82,146,62.3,1.25,176.6
Ayana#Egirl,Unranked,75,1.16,99.9,GB,14.1,184,77.3,1012,8.6,113,36,12.8,19,497,0.7,Sage,12,22,54.5,0.99,126.8
mantoneee#xhek,Diamond 1,50,0.94,124.9,RU,22.1,241,74,807,3.9,43,34,22.9,20,535,0.7,Fade,6.4,10,70,1.11,125.4
Skull Shocker#Solo,Diamond 2,42.9,0.87,123.6,IN,22.3,189,73,618,4.7,40,"1,116",18.3,541,"18,767",0.8,Jett,145,250,48,1.14,160.4
Scaleny#Dakk,Diamond 1,41.7,0.93,129.6,CA,10.1,130,78.4,1010,11.5,148,"1,128",10.1,570,"14,825",0.6,Viper,255,448,52.5,0.94,127.9
Sora#SO02,Bronze 2,49.5,0.95,127,None,0,0,0,0,0,0,0,0,0,0,0,0,0,0,0,0,0
B0Y#00002,Silver 2,53.5,1.09,144.9,CA,10.8,161,78.4,1171,10.8,162,113,9.9,49,"1,646",0.7,Omen,30,55,38.2,0.96,142.7
kuvi#rina,Diamond 1,40.7,0.84,128,US,20.7,213,73.5,756,5.7,59,791,16.6,396,"10,160",0.6,Sage,113,202,46.5,0.65,92.8
brat#CSGO,Immortal 1,56.5,1.19,144.6,DZ,16.5,168,74.5,757,9,91,406,19.1,212,"6,887",0.8,Chamber,85,144,49.3,1.18,144.4
Kajitsulol#Rusty,Platinum 2,53.4,1.15,160.4,NL,18.9,211,69,769,12.1,135,821,17.2,411,"13,760",0.8,Jett,391,670,51.2,1.16,159.5
B3ASTM0D3#LANA,Immortal 1,51.2,1.01,143.4,CO,25.2,259,67.9,697,6.8,70,"1,850",21,918,"30,622",0.8,Jett,238,418,47.4,1.08,148.1
XarDrax#drax,Silver 1,44,0.86,126.9,IN,15.4,177,74.5,856,10.1,116,387,13,191,"5,804",0.7,Reyna,48,83,51.8,1.09,164.2
Masala Chicken#1212,Silver 3,53.8,1.14,158.7,IN,17.1,199,77.4,903,5.5,64,493,18.6,241,"8,318",0.8,Jett,47,79,44.3,1.16,163.8
clarify#2369,Bronze 2,100,0.84,110.4,US,10.4,151,85.8,1250,3.8,56,17,10.4,10,171,0.5,Killjoy,8.7,16,62.5,0.77,111.8
Dysania#AWAKE,Ascendant 1,43.9,1.13,145.7,US,28.5,281,65.7,648,5.9,58,626,24.7,313,"10,203",0.8,Chamber,115,205,50.7,1.19,147
MrCrked#7322,Silver 3,50,1.22,158.5,GR,24.5,260,71.3,758,4.2,45,481,16.2,232,"8,121",0.8,Chamber,90,158,52.5,1.28,160.2
PITFALLTV#N01,Diamond 1,49.1,0.95,129.5,BR,16.4,143,75.7,662,7.9,69,"2,885",14.4,"1,404","42,523",0.7,Jett,962,"1,631",48.8,1.01,150.2
Rambo#8704,Bronze 1,39.4,0.82,126,US,16.6,178,75.7,813,7.7,83,110,15.1,45,"1,359",0.6,Jett,41,74,43.2,0.77,128.1
ArtudNay#Kat,Silver 1,50.8,1.28,158.3,BR,20.3,240,69,816,10.7,126,129,15.1,53,"2,036",0.8,Reyna,66,111,38.7,1.11,145
daylight pill#4081,Gold 1,51.3,0.8,123.3,ET,0,0,0,0,0,0,0,0,0,0,0,0,0,0,0,0,0
vitalis961#2031,Unranked,45,0.87,116.4,UA,8.8,119,78.1,1060,13.2,179,253,9.9,128,"2,787",0.6,Brimstone,57,97,56.7,0.82,123.8
Nvoyn3r#6456,Ascendant 3,54.7,1.21,156.3,RU,26.9,274,69.5,708,3.6,37,"1,532",20.6,779,"23,394",0.7,Reyna,240,406,54.2,1.18,159.2
ладно#9529,Gold 2,44.8,1.07,147.1,RU,21.5,244,73.7,836,4.8,54,675,17.3,319,"10,604",0.8,Sova,143,244,44.7,1.06,152.2
SkillfulBubbleT#5294,Bronze 3,60,1.17,134.2,US,12.3,165,76.5,1027,11.2,150,41,11.9,22,562,0.7,Chamber,7.2,12,58.3,1.01,126.2
Valentine#vel,Platinum 3,68.6,0.76,104.3,MX,22.2,188,74,627,3.8,32,528,20,268,"7,138",0.7,Sage,208,354,50.6,0.94,132.6
GBoyHi#NOOB,Bronze 3,59.1,1.27,157.7,CO,11.5,148,76.9,986,11.5,148,147,10.6,67,"2,240",0.7,Raze,53,93,46.2,1.18,159.3
agooo#007,Diamond 3,48.6,1.11,152.6,IT,24.5,267,71,774,4.5,49,447,20.8,231,"7,582",0.8,Sage,74,127,58.3,1.18,149.2
Individuo30#6524,Gold 3,48.7,1,141.4,VE,16.9,223,76.3,1009,6.9,91,685,14.9,332,"10,212",0.7,Fade,82,138,51.4,1.06,145.2
дед быдла#daddy,Gold 1,56.1,1.11,144.1,RU,18.7,139,75.7,563,5.6,42,315,17,163,"4,908",0.8,Chamber,103,175,54.9,1.22,147.9
SwagAngel#whiff,Silver 1,51.1,1.05,148,CA,18.7,224,71.6,860,9.7,117,353,13.3,169,"5,224",0.7,Reyna,54,102,52,1.09,154.5
Smeedrejat#best,Silver 2,47.1,1.32,163.4,US,23.2,248,70.4,751,6.4,68,134,15.2,64,"2,322",0.9,Reyna,55,95,49.5,1.41,166.9
Radikaler Ronny#afd,Ascendant 1,63.6,0.91,122.6,DE,17.8,175,72.7,715,9.6,94,484,19,250,"7,411",0.7,Reyna,39,66,48.5,1.22,158.3
RyaanxX#9910,Platinum 3,46.7,1.06,145,PE,16,188,77.4,910,6.6,78,974,13.5,488,"14,528",0.7,Reyna,141,248,54.4,1.12,154.7
september 24#1805,Ascendant 3,45.5,0.69,96.6,TR,16.4,122,71.6,532,12,89,"2,578",16,"1,283","35,457",0.7,Sage,462,807,49.2,0.8,103.4
kukasbacsi#tej,Silver 1,44.4,1.26,183.6,HU,19,266,74.8,1047,6.1,86,556,14.1,282,"9,747",0.9,Reyna,117,213,56.8,1.26,184.4
Fladalu#EUW,Iron 3,38.5,0.97,121.9,ES,16.6,139,72.8,610,10.6,89,16,16.6,8,219,0.7,KAY/O,3,6,50,0.87,113
SKIL#3115,Platinum 3,51.9,1.02,147.5,RO,22.6,243,72.7,781,4.7,51,483,18.4,239,"6,610",0.6,Omen,46,80,48.8,0.81,124.1
BAKI HANMA#6128,Diamond 1,54.3,0.94,134.4,IN,15.2,199,75.9,991,8.9,116,317,12.8,168,"4,245",0.6,Viper,69,118,54.2,0.91,127.8
clav111#111,Ascendant 1,51.6,1.17,178.7,None,26.5,319,66.5,801,7.1,85,"1,728",16,860,"27,860",0.8,Reyna,387,690,53,1.1,160.9
DucksGoQuack#nolol,Bronze 2,50,1.62,202,IT,19.4,211,73.5,801,7.2,78,18,19.4,8,285,0.8,Yoru,7.4,13,53.8,1.26,177.3
eastdakota208#9002,Silver 2,38.5,1.04,144.2,US,21,187,75.3,670,3.7,33,128,15,61,"1,768",0.7,Skye,51,93,46.2,0.91,135
Iceッ#0406,Diamond 2,52.5,1.05,138.3,DE,33.2,290,62.5,546,4.2,37,494,24.9,256,"8,367",0.8,Reyna,88,156,55.8,1.32,175.4
Bloomhed#9623,Bronze 1,58.3,0.91,127,None,9.5,133,73.7,1029,16.8,235,64,8.7,33,780,0.6,Sage,11,20,75,0.87,114.2
Kashya#Sage,Diamond 3,52.8,0.78,100.7,RO,16.9,154,73.8,673,9.3,85,"1,321",13.4,653,"16,893",0.6,Sage,578,"1,005",50.6,0.92,119.2
GeTreXx#Bucky,Immortal 3,48.6,1.03,141.1,DE,14.4,186,78.1,1010,7.6,98,"11,259",12.6,"5,471","190,369",0.8,Jett,3588,"6,363",51.9,1.13,142.7
cobra#0666,Silver 1,46.2,0.85,124.2,CA,16.8,180,76.4,819,6.8,73,254,14,121,"3,035",0.6,Raze,63,114,50.9,0.82,133.3
Elαッ#Krmit,Diamond 2,41.5,0.97,140.6,IT,0,0,0,0,0,0,0,0,0,0,0,0,0,0,0,0,0
British Man#Brit,Platinum 1,60,1.29,174.3,GB,23.2,327,70,985,6.8,95,145,19.9,81,"2,703",0.9,Phoenix,71,124,58.9,1.29,175.4
FriendlyNSG#4488,Ascendant 1,46.7,1.23,156.1,CZ,24.6,248,71,715,4.4,44,232,19.2,121,"3,956",0.8,Brimstone,30,51,47.1,1.17,147.9
PH0EN1X#CoW,Silver 2,83.3,0.92,125,DE,11.9,133,74.8,833,13.3,148,143,11.2,62,"1,825",0.6,Sova,29,52,50,0.88,139.2
Asher#ohayo,Unranked,66.7,1.06,140.3,PL,0,0,0,0,0,0,0,0,0,0,0,0,0,0,0,0,0
need feet pics#666,Gold 2,50,0.59,111.2,ZA,17.7,209,74.4,879,8,94,162,15.5,87,"2,566",0.8,Raze,21,37,56.8,0.9,141.1
emevaelx#1337,Immortal 3,65,1.06,137.2,BE,26.5,225,69.2,587,4.2,36,"1,216",25,630,"19,817",0.8,Sage,136,242,51.2,1,143.1
Za Russian секс7#maks7,Gold 1,41.7,1.15,173.8,RU,19.3,258,72.5,971,8.3,111,"1,166",13.8,554,"18,471",0.8,Jett,181,306,47.1,1,144.4
이 년들을 믿지마#0307,Immortal 1,87.5,1.38,177.9,BE,15.7,224,79.5,1135,4.8,68,349,17.2,182,"6,365",0.9,Jett,102,179,50.8,1.16,165.8
SHADOW#OOOO,Bronze 1,66.7,1.4,166.7,IN,11.1,182,74.6,1219,14.3,233,96,11.2,44,"1,429",0.7,Omen,34,60,50,1.04,145.7
Rodys Tricks#777,Silver 1,53.6,1.05,141.1,CA,17.3,215,76.5,948,6.2,77,253,13.2,117,"3,213",0.6,Brimstone,70,126,47.6,0.93,130.2
IRZ dragnwsniper#irzfy,Silver 1,47.6,1.04,153.3,US,17.7,244,71.4,982,10.8,149,"1,742",14.8,838,"26,013",0.7,Jett,181,334,46.4,1.03,157.3
Ricmaranga#GGs,Bronze 1,50,1.1,174.4,IT,8,124,66.5,1034,25.5,397,145,7.7,69,"2,188",0.8,Jett,50,87,49.4,0.99,153
ChaosXIII#XIII,Ascendant 2,49.3,1.07,137.8,IT,29.9,301,65,655,5.2,52,816,22.8,400,"12,968",0.8,Viper,225,384,50.3,1.11,151
TRIS TAINT#imbad,Platinum 3,49.1,1.03,145.1,US,16.5,190,77.5,891,5.9,68,"1,631",14.7,792,"25,852",0.8,Viper,346,611,52.4,1.08,149.1
dynamickitty23#0001,Platinum 1,62.5,1.06,145.2,GB,25.1,269,69.5,746,5.4,58,113,17.3,62,"1,806",0.8,Reyna,32,56,41.1,0.99,149.7
andjelaツ#2424,Silver 2,66.7,1.16,160.4,RS,17.3,174,75.1,753,7.6,76,178,14.9,87,"2,264",0.7,Sova,14,26,42.3,0.86,130.4
riceuwu#666,Diamond 1,62.1,1.06,148.7,BR,23,247,70.2,753,6.8,73,343,18.5,177,"5,611",0.8,Sage,39,68,51.5,1.08,145.8
FTSW Tubbirdd#Zaddy,Gold 2,56.5,1.16,151.6,US,25.8,211,70,573,4.3,35,438,18.7,224,"6,879",0.8,Chamber,105,184,52.2,1.19,163.1
Rule34#3207,Silver 1,48.2,1.21,162.6,IN,17.5,239,73.9,1012,8.6,118,150,15.3,63,"2,214",0.7,Sage,40,71,46.5,1,136.9
kia kaha#7405,Gold 1,37.5,1.05,125.1,BR,13,139,78.5,842,8.5,91,296,11.5,148,"4,069",0.7,Viper,47,78,53.8,1.1,136.5
RikaChu#7224,Unranked,75,1.14,118.2,None,0,0,0,0,0,0,0,0,0,0,0,0,0,0,0,0,0
zertuny#1220,Ascendant 1,82.9,1.24,137.4,AT,23.2,209,70.8,638,6,54,248,22.1,148,"4,227",0.8,Reyna,41,75,53.3,1.18,164.4
her moon#lxrd,Diamond 2,33.3,1.01,138.3,JP,22,292,71.8,954,6.2,83,722,21.3,355,"14,223",1,Jett,204,365,52.9,1.71,216
AMBASSADOR#NOTAG,Immortal 2,45.4,0.93,134.5,CA,20.4,177,72.6,631,7,61,"3,737",21.7,"1,849","55,211",0.7,Sova,705,"1,244",49.4,0.95,139.2
goofy ahh xotic#0000,Bronze 3,37.5,0.69,109.5,AE,12.6,124,74.7,737,12.8,126,77,18.6,34,"1,155",0.7,Reyna,19,36,38.9,1.05,156.1
Tokyoo#Jihyo,Unranked,0,0.86,127.4,PH,16.8,215,76.3,976,6.9,88,104,13.6,50,"1,220",0.6,Sage,17,31,51.6,0.69,95.4
iVyLux#002,Platinum 2,53.3,1.34,194.8,DE,22.2,376,70.9,1200,6.9,116,311,15.2,150,"5,636",0.9,Neon,91,164,49.4,1.16,170.1
interlude#aceml,Platinum 3,66.7,1.16,145.7,CA,34.9,251,61.8,444,3.3,24,"1,252",26.1,619,"18,873",0.7,Reyna,148,272,53.7,1.12,156.7
G2K Ch1kita#Suz,Ascendant 2,44,0.94,122.7,RS,27.7,229,65.9,545,6.4,53,"2,604",17,"1,294","31,950",0.6,Killjoy,392,678,50.4,0.87,120.7
seireИ 吉神#ynwa,Silver 2,47.6,1.52,190.8,ID,33.1,342,62.9,649,4,41,"1,515",11.7,716,"19,992",0.6,Viper,396,677,46.2,0.79,115.1
BigTiddieGoth#alone,Gold 3,44.4,0.85,125,DE,12.8,168,81.4,1066,5.7,75,199,14,107,"2,524",0.6,Killjoy,42,76,47.4,0.73,110.7
f0urK#death,Ascendant 3,60.2,0.97,135,TR,28.1,277,69.1,681,2.8,28,"2,143",17.7,"1,071","33,030",0.7,Reyna,189,335,51.9,1.11,161.2
黒Jet#dead,Silver 3,61.5,1.39,171.6,US,20.5,256,75,934,4.5,56,514,19,256,"8,953",0.9,Sage,66,120,48.3,1.21,161.8
xShootzxx#GOAT,Silver 2,39.3,0.95,124.1,ES,8.2,94,79.7,917,12.1,139,93,15.9,42,"1,362",0.7,Viper,11,21,42.9,1.02,123.2
Epablo#1212,Gold 2,42.9,1.07,138.8,ID,19.3,214,72.4,804,8.4,93,434,15.7,219,"6,603",0.7,Reyna,53,92,47.8,1.05,150.4
NowHiringKittens#BIG D,Diamond 3,57.5,0.95,122.4,AU,25.5,273,69.8,746,4.7,50,755,20.4,405,"11,664",0.7,KAY/O,81,148,54.1,1.1,148.9
Xess#Clean,Gold 1,61.5,0.93,117.9,SA,21.5,138,69,443,9.5,61,324,20.4,160,"4,894",0.8,Reyna,45,81,49.4,1.29,175.2
Oli#4500,Ascendant 3,53.1,1,130.5,HU,23.9,191,68.9,551,7.2,58,700,22.2,376,"11,487",0.8,Jett,130,226,50,1.09,153.8
Chear#3383,Ascendant 2,50,0.9,139.5,DE,22.2,224,74.4,750,3.4,34,"1,594",18.3,788,"25,957",0.8,Raze,717,"1,243",50.8,1.04,170.4
Fantazer#8131,Diamond 1,61.5,0.95,130.5,AM,16.2,183,77.2,874,6.6,75,918,14.8,438,"12,289",0.6,Viper,139,234,47.4,0.89,130
Kyedoo#shoko,Unranked,0,0.75,88.6,VN,22.6,217,69.4,666,8,77,288,15,160,"4,135",0.7,Sage,78,137,51.1,0.71,101.3
Byakya#AIM,Ascendant 1,45.4,0.89,117,US,17.7,186,75,788,7.2,76,389,16.2,196,"5,845",0.7,Sage,37,65,56.9,1.01,132.3
GMB DoJ#69420,Gold 2,50,1.09,170.8,VN,12.6,179,79.3,1123,8.1,114,386,14.5,177,"6,138",0.8,Viper,110,197,50.3,1.17,158.5
よわよわのゆう#WCT,Diamond 3,51.2,1.33,176,JP,22,242,70.9,779,7.1,78,"1,006",19.5,504,"18,075",0.9,Jett,197,323,51.7,1.22,166.4
atomcorp#COZA,Platinum 1,51.2,1,157.2,RU,12.5,234,75.1,1402,12.3,230,434,12,210,"8,128",0.9,Raze,172,290,52.4,1.38,196.4
Tripppy#OCE,Diamond 2,40,0.58,90.2,AU,32.8,183,60.4,337,6.8,38,841,22.2,394,"13,787",0.8,Reyna,292,520,47.1,1.05,156.6
kelow#domi,Silver 3,50.8,1.14,152.3,US,15.7,259,75.9,1256,8.4,139,255,16.4,122,"3,989",0.7,Fade,90,151,45,1.01,143.1
Fornika2r#dontu,Ascendant 2,47.7,1.06,144.6,CL,15.8,195,77.3,956,6.9,85,"1,988",13.6,967,"31,344",0.8,Sova,224,382,53.1,1,142.5
zadiakdeuS#nashe,Diamond 2,51.3,0.99,141.3,None,15.4,160,79.1,820,5.5,57,"1,108",16,549,"16,593",0.7,Chamber,173,293,48.1,0.99,138.5
peachy#0806,Gold 2,52.4,0.92,124.3,ID,15.8,207,77,1009,7.2,95,573,12.8,274,"7,699",0.6,Killjoy,195,330,53.3,0.92,128.4
valazio195#BUMI,Platinum 3,66.7,0.96,119.1,ID,29.4,192,63.7,415,6.9,45,"1,666",16,803,"21,905",0.6,Breach,244,415,46.5,0.88,122.9
MezX#06060,Platinum 1,57.1,1.41,173.2,FR,17.9,235,75.1,984,6.9,91,59,19.5,34,"1,078",0.9,Viper,10,18,44.4,1.28,159
degoreo#nyaw,Bronze 2,50,0.94,124.5,PH,9.3,100,79.1,848,11.6,124,90,12.1,44,948,0.5,Sage,22,38,47.4,0.56,86.8
YAHANU#1308,Bronze 2,33.3,1.1,142.9,ID,14.5,152,70.8,741,14.6,153,50,10.2,24,732,0.7,Chamber,11,19,68.4,1.04,143.8
monkedesgraciao#monke,Silver 3,61.8,1.28,165.3,CL,11.1,217,78.9,1541,9.9,194,101,9.4,52,"1,759",0.8,Neon,23,41,58.5,1.25,161.5
ItsLiu#0001,Bronze 2,63.6,1,147.6,US,18,184,72.9,745,9.1,93,71,16.2,36,"1,074",0.8,Reyna,12,25,44,0.84,139.1
OnYourLeft#十十十,Ascendant 1,61.3,1.12,148.2,US,33.3,285,63.7,546,3,26,"1,902",25.3,931,"29,586",0.7,Chamber,262,466,50.9,1.14,152.5
STRANGe#Tenz,Silver 2,51.4,0.96,140.5,IN,15,185,76.2,941,8.8,109,422,16.1,201,"6,120",0.7,Jett,53,91,49.5,1.02,156.3
rasbarruy#1tap,Gold 3,35.1,1.13,161.8,US,28.2,302,65.4,700,6.4,68,629,26,295,"9,381",0.7,Skye,136,242,52.1,0.97,140.1
wennsdae#phjei,Silver 3,45,0.8,118.7,US,26.7,171,69.2,443,4.1,26,"1,162",22.5,559,"14,655",0.6,Sova,278,468,49.6,0.85,124.7
RainyDevil#TTC,Unranked,55.6,1.26,173.3,CO,16.3,190,76.3,887,7.4,86,169,15.5,88,"2,390",0.7,Sage,50,87,57.5,0.94,122.4
PachecoTvOficial#2578,Diamond 1,53.1,1.15,143.3,BR,20.3,162,72.9,581,6.8,54,"1,469",16.6,716,"19,807",0.7,Killjoy,334,558,50.7,1.05,139.7
Yakult#hello,Iron 3,42.9,1.55,157.5,US,19.4,93,72.4,347,8.1,39,10,19.4,4,120,1,Sage,1,2,50,1.3,166
feraxhp#Yuly,Silver 3,57.9,1.06,124.4,CO,21,176,71.2,598,7.9,66,161,19.3,80,"2,239",0.7,Chamber,38,64,51.6,1.18,144.1
pollo#1205,Unranked,56.5,1.13,160.6,MX,15,72,80.5,387,4.6,22,6,15,3,89,0.7,Neon,2.4,4,50,0.9,167.4
Soupy#1228,Platinum 1,40,0.99,139.2,US,19.1,205,76.8,823,4.1,44,303,15.6,150,"5,415",0.9,Sage,57,99,52.5,1.08,143.1
vye#1only,Diamond 2,47.4,0.87,121.7,RS,40.7,288,54.6,386,4.7,33,"1,368",22.3,697,"19,900",0.7,Reyna,140,243,53.5,1.12,157.8
rei#silly,Silver 1,45.5,0.84,116,US,12,137,73.2,835,14.8,169,194,12,94,"2,159",0.6,Sage,18,37,51.4,0.66,97.3
forsik#bad,Platinum 3,60,1.28,190.7,RU,27.7,318,69,791,3.3,38,490,21.6,240,"10,718",1.1,Reyna,54,92,54.3,1.66,227.3
ValorJett#6108,Silver 3,51.6,0.9,130,US,26.3,230,66.7,582,7,61,375,19.5,190,"5,639",0.7,Reyna,74,137,56.9,1.17,162.9
ttvrevolversmoke#4592,Diamond 1,43.5,1.14,166.7,US,27.3,244,68.2,609,4.5,40,"1,619",23.3,791,"27,230",0.8,Chamber,386,684,48.7,1.11,154.3
Kung Fu Kenny#6449,Immortal 1,51.6,1.13,135.9,DE,24.8,277,71.3,796,3.9,43,"1,128",21.7,565,"18,365",0.8,Omen,76,134,42.5,1.08,135.7
bell#ash,Unranked,0,0,10.1,GI,24.5,254,68.7,713,6.8,71,177,18.8,96,"2,156",0.6,Viper,23,37,45.9,0.81,114
snorlaxxatives#1309,Bronze 2,33.3,0.84,122.7,AU,13,131,74.5,753,12.6,127,150,13.5,73,"1,428",0.5,Viper,40,73,43.8,0.68,111.1
dread#1437,Ascendant 3,50,1.19,155.4,CN,37.1,331,58.6,522,4.3,38,216,30.1,115,"3,877",0.9,Sage,40,70,37.1,1.17,155.5
Exo#IMMO,Diamond 1,38.9,1.07,168.8,HR,30.4,279,65.9,605,3.7,34,203,26.1,84,"3,099",0.7,Jett,27,48,50,1.16,159.5
Joyst1ck#1337,Immortal 3,52.2,1.02,137,RU,15.7,156,76.3,759,8,80,"1,759",17.2,862,"27,691",0.7,Phoenix,363,616,49.4,1.17,150.8
ADIRE Tressort#BELG,Diamond 3,68.1,1.05,150.7,BE,23.5,240,70.1,715,6.4,65,374,18.9,183,"6,267",0.8,Reyna,86,151,49.7,1.15,166.3
Frozen#vlrnt,Diamond 1,55,1.13,146.5,MY,21.8,255,70.1,821,8.2,96,429,21,225,"6,645",0.7,Sage,67,112,57.1,1.13,142.8
ladies sommelie#carry,Platinum 1,52,0.73,106.7,RU,0,0,0,0,0,0,0,0,0,0,0,0,0,0,0,0,0
Skrub#4925,Diamond 2,45.2,0.92,142.5,US,21.9,285,73.6,960,4.5,59,426,15.7,211,"6,783",0.8,Raze,204,353,50.7,1.01,157.8
Raékwon#1400,Diamond 1,70,1.2,157.7,TR,27,273,66.1,669,6.9,70,412,18.5,221,"6,187",0.7,Reyna,52,92,46.7,1.04,157.4
NightmareFuel#koka,Platinum 3,49.2,0.96,134.6,HU,26.1,284,66.8,726,7.1,77,"1,501",18.6,725,"21,501",0.7,Sage,311,531,52.4,0.94,130.3
Hodg#1415,Immortal 3,58.2,1.09,153.2,GB,25,254,68.2,694,6.8,69,331,21.8,176,"5,675",0.8,Chamber,54,93,46.2,1.12,156.5
SLZ TOXiN#69XXX,Gold 1,40,0.74,112.1,BD,22.7,228,69.4,697,8,80,916,19.2,416,"13,912",0.7,Omen,166,295,45.8,0.97,130.6
ReverseWK#7299,Diamond 1,58,1.35,162.8,DO,27.1,237,69.6,610,3.3,29,157,16.1,77,"2,671",0.8,Chamber,32,55,54.5,1.3,159.4
Señοrita#Toxic,Diamond 3,45.8,0.91,123.7,GR,22.5,218,71.1,690,6.5,63,"3,765",25.2,"1,824","52,615",0.7,Viper,555,954,50.7,1.01,130.9
PizzA stEvE#sexy,Diamond 3,50.7,1.03,129.8,DZ,25.4,259,68,693,6.6,67,750,21.9,380,"11,268",0.7,Chamber,75,129,42.6,0.98,133
yuk1koちゃん#ITZY,Platinum 2,50,1.01,148.2,PL,17.2,198,76.8,885,6,69,494,13.8,244,"8,156",0.8,Jett,119,210,49.5,1.07,151.1
FLseleur#4444,Silver 2,40.5,0.98,126.2,CA,19.1,175,75.3,688,5.6,51,221,14.5,109,"2,948",0.7,Neon,47,85,54.1,0.96,135.8
Naohh#4872,Immortal 1,49.7,1.07,146.5,KR,0,0,0,0,0,0,0,0,0,0,0,0,0,0,0,0,0
LIFE ChefAxolotl#LIFE,Silver 3,50.9,1.21,168,AT,30.7,326,64.3,682,5,53,174,27.8,90,"2,957",0.8,Raze,49,88,47.7,1.23,178.1
Sh3L6Z#4002,Gold 3,43.5,0.85,117.6,CA,17.8,161,73.5,664,8.6,78,389,11.1,196,"5,285",0.7,Skye,160,288,51.4,1,136.8
she left me#tears,Gold 3,71.4,1.59,179.1,US,25.7,326,70.7,896,3.6,46,43,24.5,21,856,1,Chamber,19,32,56.2,1.46,178.4
yeahtheylikeme#hook,Diamond 1,50,1.45,205,US,30.3,370,64.9,793,4.8,59,508,16.4,252,"7,633",0.7,Sage,86,156,55.1,0.96,120.5
Deeexity#2695,Ascendant 1,51.2,1.4,160.2,GB,28.8,282,66.7,652,4.5,44,286,21.9,148,"5,625",0.9,Chamber,75,131,51.9,1.58,163.4
LIFEHunter#33333,Silver 2,56.2,1.02,131.4,HU,8.9,108,74.9,905,16.2,196,77,11.1,38,984,0.7,Phoenix,12,22,68.2,1.09,140.9
papleer#peter,Silver 1,81.8,1.55,173.6,DE,9.2,160,74.5,1297,16.3,283,129,7.7,64,"1,959",0.8,Reyna,31,54,50,1.14,160.6
XenoLink#3157,Silver 3,55.6,1.21,159,US,12.1,127,72.2,760,15.7,165,67,11.8,32,"1,091",0.8,Chamber,26,46,54.3,1.22,156.6
His mommy#Mahal,Bronze 3,64,0.92,121.4,PH,10.9,140,77.4,996,11.7,151,381,11.8,189,"4,791",0.6,Sage,108,191,48.2,0.77,104.4
WorstPlayerinVal#Trash,Gold 2,38.1,0.88,132.2,AU,21.1,211,73.3,733,5.6,56,325,17.7,166,"4,587",0.7,Chamber,39,73,58.9,0.99,139.4
God Ussop ツ#yonko,Gold 1,46.1,1.06,137.3,ES,15.7,162,76,785,8.3,86,152,11.8,78,"2,430",0.8,Viper,41,71,50.7,1.16,146.2
Azhuro#exe,Ascendant 3,56.2,1.19,157.1,ES,32.6,300,63.7,585,3.7,34,"1,010",25.4,500,"14,953",0.7,Cypher,123,200,49,0.99,122.8
blonski#cassi,Ascendant 1,51.1,1.34,156.7,BR,24,305,70.7,900,5.3,68,921,17.1,447,"15,296",0.8,Chamber,130,219,53.4,1.38,159
squeaky#069,Immortal 2,67.7,1.06,139.3,NL,25.4,234,64.8,598,9.9,91,616,23.2,331,"10,396",0.8,Reyna,147,256,57.4,1.22,167.2
night night#2121,Ascendant 2,61,1.11,145,SG,20,234,74.6,874,5.4,63,927,20.3,464,"14,846",0.8,Reyna,121,214,51.9,1.12,156.2
hazeツ#GOD,Silver 1,53.3,1.39,152.1,FI,0,0,0,0,0,0,0,0,0,0,0,0,0,0,0,0,0
mKnZ#0000,Immortal 3,76.9,1.45,179.9,IT,33.7,320,62.4,592,3.9,37,849,28.9,443,"15,782",0.9,Jett,172,291,55.3,1.41,177.6
ipolito97#8900,Diamond 3,53.8,1.03,144.3,ES,34.1,293,62.2,534,3.6,31,219,28.2,114,"3,548",0.8,Jett,43,73,60.3,1.18,166.1
Ipol97#EUW,Platinum 3,52,1.06,146.1,ES,33.1,289,63.4,554,3.5,31,400,22.9,193,"5,939",0.7,Jett,43,75,50.7,1.12,154.3
Oblivion#Thorn,Silver 3,48.7,0.99,134.3,ID,11.7,152,72.3,943,16,209,342,11.1,169,"4,200",0.6,Cypher,95,164,53,0.8,109.7
quoiS#LOVEU,Silver 2,59.1,1.14,150.8,UA,19.5,240,73.8,909,6.7,82,415,13.2,184,"5,318",0.6,Sage,100,174,42.5,0.74,117.8
SuddenlySterf#MILF,Gold 1,53.5,0.83,115.7,US,12.3,142,80.7,932,7,81,418,10.4,213,"5,308",0.6,Killjoy,111,186,53.8,1.02,129.8
nuke#love,Silver 1,50,1.06,135,US,15.9,186,73.5,858,10.5,123,51,14.4,22,750,0.7,Reyna,8.1,14,28.6,0.95,149.9
Rayness#bees,Platinum 1,48.8,0.9,128.4,PT,12.6,147,77.2,901,10.2,119,760,10.3,385,"11,881",0.8,Reyna,149,267,50.9,1.18,162.4
Blackyy#Trxsh,Platinum 2,62.9,1.02,146.2,FR,10.8,158,76.9,1126,12.4,181,231,12.8,116,"3,568",0.7,KAY/O,74,126,53.2,1.06,150.9
ying 陰#2407,Radiant,55.8,1.24,160,AT,31.1,260,64.8,541,4.1,34,544,26.6,314,"10,050",0.9,Chamber,55,101,60.4,1.38,168.8
Kamiyadah#EUNE,Diamond 1,50,1.35,181.1,HU,24.3,321,70.7,936,5,66,303,23.4,156,"5,946",0.9,Chamber,49,86,55.8,1.46,187.7
JCrick#CRC,Platinum 2,38.7,1.13,151,US,19.7,227,74.7,862,5.6,65,933,16.2,453,"14,497",0.7,Sage,254,447,49,0.94,123.6
ClarkKent#KRPTN,Silver 3,42.6,1.21,163.8,US,16.7,198,75.6,898,7.7,92,687,17,323,"11,064",0.8,Sage,137,238,47.5,1.04,142.1
ˇ lushi#iron2,Platinum 1,48.2,1.26,183.1,GB,17.4,238,75.5,1035,7.1,98,415,18.5,201,"8,399",1,Reyna,180,327,48.3,1.35,193
SUGAR MOMMYs#cake,Iron 2,48.2,2.66,246,SG,72.5,362,25.9,129,1.6,8,616,24.1,274,"8,626",0.8,Jett,88,158,55.7,1.13,159.6
Umbreon#DYNMC,Platinum 3,52.2,1.11,153.6,CA,20.4,246,70.8,853,8.8,106,748,17.7,376,"11,220",0.7,Sage,101,183,57.4,1.1,138.9
drexton#1301,Bronze 3,36.8,1.11,151.1,GB,14.1,161,77.3,882,8.6,98,80,13.3,32,"1,192",0.7,Chamber,20,37,45.9,1.11,145.9
De Chofis#LFV,Platinum 1,77.8,1.1,150.4,CO,21.1,236,70.9,795,8,90,"1,367",20.1,677,"22,826",0.8,Reyna,393,676,49.1,1.1,168.1
Shouko#mmmm,Platinum 3,40.2,1.04,150.4,US,21,214,72.9,741,6.1,62,"1,027",15.6,500,"15,847",0.7,Sage,106,187,45.5,0.99,136.6
may#carry,Diamond 2,50,1.14,155.2,TR,20.1,225,73.1,820,6.8,76,872,24.2,425,"13,966",0.8,Jett,154,270,48.5,1.09,148.3
火 Pyr0 Hyr0 炎#FLAM3,Silver 2,52.4,1,141.7,US,15.7,197,76.5,961,7.8,98,540,14.5,250,"8,440",0.8,Skye,86,151,50.3,1.01,144.5
APPLE JUICE#3333,Silver 3,52.1,0.83,122.6,CA,16.4,197,70.8,852,12.9,155,347,12.8,169,"4,051",0.6,Sage,158,279,49.1,0.79,121
siusik#yappi,Ascendant 2,53,1.11,136.3,MD,27.7,252,66,600,6.3,57,"1,187",25.9,595,"19,183",0.8,Reyna,204,345,48.1,1.22,159.2
Kheorax#TTV,Diamond 1,36.8,1.03,152.1,US,17.7,202,76.9,876,5.4,61,657,15.5,329,"11,036",0.8,Omen,131,227,50.7,1.11,153.9
Seigen#4668,Platinum 2,83.3,1.83,196.4,US,17.3,207,75.9,908,6.8,81,37,16.4,19,674,0.8,Reyna,8.8,14,42.9,1.16,175.2
PITFALLTV#N01,Diamond 1,47.3,0.97,128.8,BR,16.6,144,75.4,653,8,69,"2,921",14.4,"1,419","43,048",0.7,Jett,963,"1,634",48.7,1.01,150.2
riceuwu#666,Diamond 1,57.1,1.05,151.8,BR,21.4,243,70.8,805,7.8,89,354,18.6,182,"5,789",0.8,Sage,40,70,51.4,1.07,144.7
sutorma#9617,Platinum 1,43.2,1.06,146.6,UA,20.1,210,72.6,760,7.4,77,469,17.2,220,"6,976",0.7,Sage,88,148,51.4,1.06,141.3
skiddle#2085,Iron 3,50,1.07,123.8,CA,11.3,103,72,657,16.8,153,37,9.5,14,313,0.5,Sova,6.6,14,14.3,0.6,102
Ooif#7210,Gold 2,50,1.16,149.1,CA,8.8,175,75.6,1506,15.6,311,60,9.2,27,886,0.7,Killjoy,30,52,42.3,1.03,140.9
Faded#420OG,Diamond 2,45.8,1.04,140.7,US,29.8,267,63.7,571,6.6,59,893,18,444,"13,986",0.8,Sage,145,256,52.7,1.18,157.2
Hybrid#9181,Platinum 1,52.4,1.16,154.4,US,20.8,195,74.1,695,5.1,48,390,17.4,196,"5,601",0.7,Fade,56,100,48,0.73,109.1
Zof#6969,Gold 2,0,0.62,90.3,FI,15.7,125,74.3,591,9.9,79,768,15.8,365,"10,102",0.6,Sage,97,169,45,0.87,123.5
CitrusSnake#011,Bronze 2,42.9,0.82,132.3,CA,15.6,222,78.2,1112,6.2,88,196,13.5,87,"2,339",0.6,Sage,62,108,42.6,0.78,116.3
mommy issues#kamos,Diamond 3,51,0.95,125.7,PL,11.9,136,79.3,909,8.9,102,557,13.1,276,"8,465",0.7,Sage,195,342,52.9,1.01,138.1
TRIS TAINT#imbad,Platinum 2,45.3,1.02,145.3,US,16.6,198,78.6,935,4.8,57,"1,644",14.7,796,"26,052",0.8,Viper,348,616,52.3,1.08,149.1
Kempii#2146,Ascendant 1,57.7,1.05,136.8,US,22.4,211,71,669,6.6,62,558,19.1,291,"9,201",0.8,Brimstone,85,145,56.6,1.15,153.1
ClipMopEU#SPPY,Ascendant 3,59.4,1.19,145.9,NL,27.2,240,70.1,619,2.7,24,479,21.8,251,"8,153",0.8,Jett,87,146,49.3,1.15,154.6
Sen Benzz#real,Diamond 1,57,1.1,149.6,SG,15.3,180,76.1,898,8.6,102,"1,022",13.4,525,"16,167",0.8,Jett,87,158,49.4,1.01,150.6
RaxzOnRacks#8157,Diamond 3,53.8,1.68,226.7,GB,20.9,262,74.3,930,4.7,59,459,15.5,238,"9,947",1,Reyna,117,207,50.7,1.45,205.7
Mayynic#0222,Immortal 3,51.6,1.21,159.9,US,35.3,307,58.4,508,6.3,55,"1,232",27.6,657,"21,875",0.8,Jett,322,573,55.7,1.19,156.4
Gregory#7174,Diamond 1,49.1,1.14,150.6,AU,17,214,75.3,947,7.7,97,841,15.3,430,"12,846",0.7,Reyna,128,226,53.5,1.19,153.8
Eulogy#IRIS,Platinum 3,44.4,1.15,164,CA,36.5,282,60.6,468,2.8,22,"1,159",30.9,568,"19,693",0.8,Jett,276,477,49.5,1.07,158.3
VLTNVally#1527,Diamond 2,57.1,1.3,160.4,NL,13.7,171,80.8,1006,5.5,68,312,11.1,155,"4,915",0.7,Sage,63,106,50,0.96,126.6
Bajii#001,Gold 1,55.6,1.14,156,CA,23.6,243,70.6,728,5.8,60,"1,000",19.9,477,"15,421",0.8,Raze,76,135,43.7,0.99,160.5
Allmaida#EUW,Diamond 2,45.7,0.99,137.4,PT,17.9,229,76,971,6,77,"1,849",15.8,892,"27,309",0.7,Viper,209,349,54.7,1.04,137.2
koi#1656,Bronze 2,50,1,150.9,US,25.7,260,69,697,5.2,53,250,16.6,118,"3,614",0.7,Yoru,39,68,44.1,1.07,141.7
mellohi#ily,Silver 3,50,0.92,127.9,US,20.6,175,72.1,611,7.3,62,328,16,166,"3,874",0.6,Sage,111,202,51.5,0.59,91
Z4hveT#RUS78,Gold 2,47.5,1.14,150.2,RU,15.3,194,74.9,947,9.8,124,62,17.4,32,"1,040",0.8,Chamber,11,20,45,1.13,147.9
MrCrked#7322,Gold 1,50.8,1.22,158.8,GR,22.3,235,73.3,771,4.4,46,487,16.2,236,"8,233",0.8,Chamber,93,162,52.5,1.28,160.2
Kashya#Sage,Diamond 2,50,0.79,102,RO,19.9,188,68.3,645,11.8,111,"1,336",13.5,658,"17,083",0.6,Sage,588,"1,020",50.4,0.92,119
Flakez#999,Gold 1,47.7,1.02,144.3,GB,20.1,238,75.1,890,4.8,57,"1,417",20.2,658,"22,103",0.8,Reyna,481,832,46.3,1.07,152.4
TheCrappyGamer#QDH,Platinum 1,47.5,0.93,124.3,DE,22.4,204,68.9,628,8.8,80,"1,028",16.7,506,"15,503",0.7,Skye,192,334,49.4,0.96,139.2
EvilEthan#420,Ascendant 3,57.6,1.24,157,US,17.2,198,79.1,909,3.7,42,649,19,329,"11,507",0.9,Reyna,285,516,51.2,1.24,163
Agentyyyk69#6969,Platinum 2,50.7,1.04,157.7,CZ,29.5,327,65.9,732,4.6,51,513,18.8,254,"8,498",0.8,Neon,174,315,50.2,1.03,155.9
Stardust#9005,Gold 1,52.5,1.18,149.6,BR,15.3,180,78.7,925,6,70,231,15.9,112,"3,366",0.7,Chamber,32,52,48.1,1.1,137.5
ADIRE Tressort#BELG,Diamond 3,65.1,1.05,148.9,BE,24.6,243,68.7,679,6.8,67,390,19.1,192,"6,532",0.8,Reyna,90,158,50,1.14,165.4
Rambeaulo#8830,Silver 3,49.1,0.92,133.6,GB,14,152,77.4,837,8.6,93,246,13.4,121,"3,380",0.7,Breach,51,90,48.9,0.89,130.4
Quanxi#2222,Bronze 3,50,0.89,132.9,US,15.8,168,75.4,799,8.8,93,106,15.3,51,"1,347",0.6,Chamber,13,23,56.5,0.91,130.9
SKIL#3115,Platinum 3,52.2,0.98,143.3,RO,20.8,212,74,753,5.2,53,499,18.4,247,"6,844",0.6,Omen,46,80,48.8,0.81,124.1
N0t4lxx#2140,Platinum 1,55,1.34,170.3,MK,23.4,299,69.9,893,6.7,86,232,19.3,126,"4,337",0.9,Jett,58,103,52.4,1.23,170.4
LAUHAX#1337,Ascendant 2,52.9,1.03,133.6,RO,17.1,168,76.4,749,6.4,63,497,17.6,265,"8,358",0.8,Sage,86,151,57,1.09,141.3
Gr1D#LFG,Diamond 1,45.7,0.82,124.6,RU,20.1,193,71.3,684,8.6,82,"1,032",17.3,509,"13,720",0.6,Sova,105,183,57.4,0.91,129.7
hkz5#EUW,Iron 3,14.3,0.59,109.7,TN,9.3,45,74.1,357,16.6,80,7,9.3,1,79,0.5,Sage,4.2,7,14.3,0.59,109.7
EpokGamer69#EUNE,Unranked,50,1.01,125,PL,2.7,2,63.5,47,33.8,25,1,2.7,0,9,0.4,Sage,0.6,1,0,0.45,79
Aurxllie#bunny,Platinum 1,33.3,1.15,153.9,GB,19.5,225,75.1,868,5.4,63,580,18.5,290,"10,155",0.8,Reyna,77,138,47.8,1.23,165.8
TheCorvenga#TR1,Diamond 2,39.5,1.02,144.5,TR,17,160,73.7,693,9.3,87,"2,771",15.9,"1,339","43,105",0.7,Sage,564,977,48.9,0.99,136.5
Toys Fran#CUU,Immortal 1,46.7,0.85,129.3,MX,22.3,203,70.5,643,7.2,66,"2,327",26.8,"1,162","38,366",0.8,Jett,607,"1,047",48.9,1.04,155.6
ProfessorDaddy#EUNE,Gold 3,56.2,1.55,193.9,GR,18.9,242,75.4,965,5.7,73,270,15.3,147,"5,741",1,Chamber,74,130,58.5,1.68,203
u can add me#daddy,Platinum 1,70,1.89,211.1,CA,25.8,350,68.8,934,5.4,73,55,24.2,33,"1,238",1.1,Reyna,12,23,65.2,1.86,217.2
Bashar#0001,Ascendant 3,40,1.12,145.5,TR,21.9,211,73.9,712,4.2,40,893,21,435,"14,742",0.8,Sage,84,146,48.6,1.15,144.3
x3prox6#EUW,Platinum 1,56.5,1.2,164.8,GB,32.5,283,62.9,547,4.6,40,614,21.3,299,"10,990",0.9,Jett,200,349,51.6,1.14,169.6
anak 2lie#WAW,Platinum 3,76.9,1.43,158,ID,17.2,207,75.8,911,7,84,466,13,247,"6,783",0.7,Sage,135,232,53.4,1.12,128.6
Sensei#0099,Diamond 1,62.5,1.21,155,None,17.7,203,74,851,8.3,96,"1,385",15.2,690,"21,745",0.8,Reyna,327,563,51.7,1.11,156.2
MP KaiserXImpact#God,Silver 3,52.2,1.53,204.7,RU,18.9,259,75,1029,6.1,84,155,19.9,78,"3,302",1,Jett,46,78,53.8,1.39,195.2
strawberryy#smol,Gold 1,64.7,1.27,153.8,US,18.8,225,74.8,897,6.5,78,298,15.6,151,"4,608",0.7,Reyna,55,96,49,1.09,156.5
MrScope#bot,Gold 2,49.4,1,140,IN,18.1,202,72.5,808,9.4,105,826,15.4,414,"12,377",0.7,Killjoy,129,226,56.6,1.04,151.8
Beerus#8333,Platinum 1,36.4,0.8,117.3,PH,18.4,177,74.8,720,6.9,66,757,14.6,368,"11,500",0.7,Jett,99,168,44,1.01,147.4
Kabel#1887,Platinum 1,59.7,0.96,140.9,DE,16.7,180,76.9,827,6.3,68,356,14,186,"5,147",0.7,Omen,91,157,58,1.01,144.8
Cam Enjoyer#cyphe,Diamond 2,60,1.14,141.7,IN,18.9,218,74.2,854,6.9,79,"1,478",14,716,"22,743",0.7,Cypher,616,"1,027",48.9,1.03,140.6
August D#1411,Diamond 2,64.6,1.12,145.9,US,21.4,212,72,714,6.7,66,300,17.4,151,"4,552",0.7,Sage,71,121,49.6,0.85,119.6
LGSJason#EUW,Diamond 2,55.1,0.91,128.2,ES,23.2,211,71.5,650,5.3,48,418,19.1,222,"6,124",0.7,Brimstone,59,96,59.4,1.01,141.8
Goslar#BR1,Platinum 3,42.9,0.88,140.8,BR,15.3,167,76.4,835,8.3,91,198,14.4,104,"2,750",0.7,Killjoy,21,39,53.8,1.07,155.4
nkm#4911,Gold 1,62.5,1.63,166.9,DK,14.6,187,74.6,957,10.8,139,20,14.6,8,330,0.8,Phoenix,9.8,17,47.1,1.34,155
Pug#FRFR,Platinum 1,33.3,0.8,121.3,IL,11.6,149,79.6,1018,8.8,112,56,13.9,27,801,0.7,Skye,30,52,46.2,0.94,123.9
magizz#1700,Silver 3,25,1.12,167.4,SG,25.4,298,70,820,4.5,53,40,23.5,14,785,0.9,Brimstone,6,10,50,1.52,185
Man Of Culture#9798,Platinum 2,50,1.43,189.2,IN,19.1,302,71.9,1136,8.9,141,596,15.6,291,"9,527",0.8,Reyna,156,255,53.3,1.39,184.2
Aishiteru#Lucy,Gold 2,61.5,1.37,186.6,GB,22.4,203,68.8,625,8.8,80,495,18.8,244,"6,798",0.7,Sage,86,150,52,0.72,98.1
Snekxsiツ#Toxic,Gold 3,59.3,1.19,159,DE,27,294,68.8,748,4.1,45,568,15.2,280,"8,594",0.8,Reyna,75,137,51.8,1.18,177.4
Aditi#UwU,Silver 1,48.7,1.02,144.4,IN,18.9,214,69.9,792,11.2,127,498,18.1,226,"7,036",0.7,Sage,64,115,42.6,0.76,110.7
AeD Castiel#Adi,Silver 3,44.2,1.01,140,BR,8.8,133,73.8,1109,17.4,261,738,8.8,344,"10,442",0.7,Brimstone,331,547,46.4,0.93,129.7
6Vibes#TTV,Immortal 1,48.8,0.89,134.4,JO,24.8,213,69.1,593,6.1,52,"1,824",17.3,927,"27,899",0.7,Reyna,234,409,53.3,1.08,150.7
ReverseWK#7299,Diamond 1,55.7,1.32,159.3,DO,27.4,236,69.8,602,2.8,24,162,16.4,80,"2,765",0.8,Chamber,35,59,55.9,1.31,160.7
Chef Revere#chef,Silver 1,49,1.02,130.9,US,15,179,74.2,887,10.9,130,560,12.8,262,"7,453",0.7,Breach,84,150,51.3,0.99,146.4
Hakan#SAGE,Gold 2,56.7,1.21,172.3,TR,29.8,310,67,698,3.3,34,202,19.1,98,"3,171",0.8,Sage,69,128,47.7,0.95,141.9
Guti20k#BEAR,Platinum 3,53.1,1.05,145.7,ES,20.5,264,71.8,925,7.7,99,769,17.3,377,"12,744",0.8,Reyna,82,146,52.1,1.2,174.1
her moon#lxrd,Diamond 1,33.3,1.06,146.2,JP,20.9,271,72.2,937,6.9,89,729,21.3,356,"14,356",1,Jett,208,371,52.3,1.7,215.2
His Jett#mooky,Diamond 3,60.8,1.16,153.4,US,25.5,291,70.3,803,4.3,49,400,22,208,"6,566",0.8,Jett,77,134,56,1.11,150
SoftMist#TangR,Iron 3,48,0.94,142.1,MX,15.4,184,77.5,925,7,84,351,13.8,159,"4,180",0.6,Reyna,80,151,44.4,0.78,128.9
leashajane#8419,Bronze 1,47.8,0.75,99.3,AU,15.1,115,74.8,571,10.1,77,42,12.1,18,364,0.4,Sage,13,24,50,0.61,89.6
pebbles#1427,Immortal 1,57.6,1.07,140.7,US,21.7,188,73,634,5.3,46,"1,207",22.9,616,"20,025",0.8,Omen,561,997,52.1,1.1,150
kuvi#rina,Platinum 3,37.5,0.82,130,US,19.4,209,75,809,5.7,61,796,16.6,397,"10,221",0.6,Sage,114,204,46.1,0.65,93
Itachi#GHG7,Gold 3,52.4,0.98,147.7,US,18.7,225,71.5,859,9.7,117,998,15.7,483,"16,718",0.8,Reyna,332,599,48.4,1.1,164
MG Maseo#smt,Diamond 1,63.9,1.18,138.8,PH,26,202,69.4,539,4.6,36,505,22.2,254,"8,453",0.8,Chamber,96,160,55.6,1.35,156.9
Denji#nezu,Diamond 2,46.8,1.01,141.1,IE,25.9,254,69.8,683,4.3,42,"1,726",18.3,839,"25,284",0.7,Jett,467,803,47.2,0.98,145.1
YILAN AYHAN#TISS,Ascendant 2,53.1,0.94,138.5,TR,19.6,217,74,821,6.4,71,"1,193",22.6,586,"17,415",0.7,Sage,260,453,50.3,0.96,128.5
justmilos#2379,Gold 1,45.5,1.02,145.3,SK,19.9,231,70.5,820,9.6,112,210,13,107,"3,297",0.8,Chamber,73,125,54.4,1.15,150.5
YURA#8603,Silver 3,55,1.09,147.8,MM,12.7,160,73.1,923,14.2,179,241,12.6,123,"3,787",0.8,Reyna,18,32,68.8,1.4,182.6
minty#7456,Ascendant 1,48.1,1.16,144.9,US,27.1,291,69.1,741,3.7,40,632,21.2,316,"9,574",0.7,Omen,91,157,51,1.14,138.3
Conavix#GFYS,Gold 1,57.1,1.41,166.8,US,39.3,333,58.1,492,2.6,22,136,27.4,71,"2,205",0.8,Omen,59,103,50.5,1.23,153.3
twich lucasnkt#1111,Diamond 3,52.2,1.24,154.5,US,34.5,279,60.6,490,4.8,39,213,30.8,111,"3,785",0.8,Reyna,47,79,55.7,1.41,180.8
XPR Chrizz#XPRO,Platinum 1,49.2,0.87,108.4,VE,18.9,182,71.1,685,10.1,97,165,16.4,85,"2,149",0.6,Chamber,28,47,40.4,0.9,118.7
Twitch Fostzzh#LLL,Diamond 1,69.2,1.03,151.9,BR,15.1,174,74.1,854,10.8,125,242,14.2,122,"3,778",0.8,Raze,53,93,62.4,1.11,166.3
HolaFriend#LAT,Silver 2,23.1,0.77,129.9,LV,17.2,135,69.5,544,13.3,104,14,17.2,3,173,0.6,Phoenix,6.9,12,25,0.79,131.5
Toast#9551,Bronze 2,34.8,0.83,115.7,US,16.1,153,70.4,667,13.5,128,274,13.8,128,"3,858",0.7,Reyna,103,184,46.2,1.02,139.1
Medou#FUNDR,Platinum 2,58.3,0.93,134,CA,22.8,233,72.4,740,4.8,49,546,23.5,288,"8,211",0.7,Reyna,97,169,52.7,1.03,153.9
TheHaxxer#1111,Iron 3,45.5,1.12,169.3,US,9.5,122,72.9,934,17.6,226,29,9.1,9,381,0.7,Breach,4.5,8,50,1.2,181.8
Ony#123,Immortal 1,46.3,1,134.6,DE,12.6,138,77.8,854,9.6,105,"3,336",15.7,"1,623","50,793",0.7,Reyna,472,810,49.6,1.08,148.4
just azur#capi,Gold 1,33.3,1.46,209.8,MN,25.3,322,70.6,897,4.1,52,726,18.9,364,"12,302",0.8,Jett,163,284,54.6,1.2,163.3
murftankk#7004,Gold 3,58.1,0.99,141.5,GB,27.5,272,67.1,664,5.4,53,695,19.5,357,"10,841",0.8,Omen,122,214,54.7,1.03,146.2
imposterhank#2087,Silver 3,60.5,1.31,159.7,US,9.2,134,70.8,1030,20,291,127,8.1,61,"2,064",0.8,Reyna,20,34,26.5,1.32,157.3
Bagua#Zhang,Diamond 3,46.8,0.94,139.3,IL,16.5,150,77,699,6.5,59,"2,621",15.1,"1,280","39,480",0.7,Jett,816,"1,407",47.7,0.99,143.3
ChromicBubblez#Zoro,Iron 3,44.4,0.69,87.3,US,7.1,68,77.5,742,15.4,147,42,8.3,17,319,0.4,Sage,12,24,37.5,0.61,81.9
LFT etif#UKR,Immortal 3,61.5,1.14,145.1,CZ,28,268,65,622,7,67,818,27.2,416,"12,601",0.7,Sova,95,164,50.6,0.98,133.3
Rouge#nvm,Ascendant 1,52.1,0.98,135.5,KH,23.8,202,68.6,582,7.7,65,"1,915",20.4,941,"29,444",0.7,Reyna,256,441,48.8,1.1,164.8
Lxoyii#TopG,Diamond 2,56.2,1.18,153.2,None,0,0,0,0,0,0,0,0,0,0,0,0,0,0,0,0,0
Soupy#1228,Platinum 1,36.4,0.95,135.9,US,19.5,206,76.4,808,4.2,44,304,15.6,150,"5,423",0.9,Sage,57,99,52.5,1.08,143.1
StellarIceberg#KEKW,Gold 3,52.1,1.25,169.5,AU,18.3,209,71.5,814,10.2,116,178,15.9,82,"3,191",0.9,Phoenix,38,67,47.8,1.37,189.4
Not Important#0456,Bronze 2,45,0.79,112.2,US,18.1,184,76.4,779,5.5,56,508,14.9,245,"6,338",0.6,Sage,67,115,49.6,0.78,111.7
NotDerekXV#7669,Platinum 2,45.7,1.02,136.3,MY,12,150,76.2,950,11.7,146,109,14.5,51,"1,521",0.7,Sova,10,20,50,1.07,129.1
i0ki#9819,Iron 2,45.5,1.31,157.8,PH,7.9,131,77.1,1285,15,250,85,9.2,36,"1,126",0.7,Viper,26,42,50,1.08,141.2
edward#balls,Platinum 2,50,1.07,147.1,US,18.5,195,74.9,791,6.6,70,52,15.8,26,763,0.7,Reyna,13,24,50,0.97,145.4
Timeb0mb#IeS,Bronze 3,44.8,0.78,116.7,US,13.5,165,75.3,923,11.2,137,32,13.3,13,362,0.6,KAY/O,8,14,35.7,0.73,107.1
MezX#06060,Platinum 2,62,1.44,171,FR,20.4,245,74.4,895,5.2,63,65,19.8,39,"1,205",0.9,Viper,11,19,42.1,1.26,157.8
kelow#domi,Silver 3,49.5,1.09,148.3,US,14.7,196,79.9,1067,5.4,72,298,16.4,145,"4,650",0.7,Fade,98,165,45.5,1.01,142.1
ramenplz#cu bu,Platinum 2,39.2,0.97,142,US,23.8,261,69.4,760,6.8,74,473,17.1,234,"6,815",0.7,Brimstone,64,110,54.5,1.04,144.9
SaEeD#ssr,Diamond 3,60,0.83,122,None,18.9,187,73.7,729,7.4,73,555,15.8,289,"7,941",0.7,Viper,103,179,55.9,0.99,141.7
Templess#TTV,Ascendant 1,40.3,1.05,154.2,FR,15.7,206,79.8,1050,4.6,60,"1,997",18.1,961,"30,428",0.7,Raze,376,636,48.1,1.02,153.5
kukasbacsi#tej,Silver 1,43.5,1.27,184.5,HU,19,266,74.8,1047,6.1,86,556,14.1,282,"9,747",0.9,Reyna,117,213,56.8,1.26,184.4
Jumpshotjake#1500,Silver 1,56,1.06,137.6,US,21.6,173,71.9,575,6.5,52,435,16.2,216,"5,387",0.6,Sage,41,70,47.1,0.77,115.7
yxz#0001,Gold 3,53.2,1.01,145.7,GB,18.5,217,75.9,890,5.5,65,765,12.4,379,"10,604",0.7,Viper,167,309,51.5,0.95,134.9
artiva#athlt,Platinum 3,55,0.98,141.7,RU,25.5,381,70,1048,4.5,68,266,23.5,143,"3,944",0.7,Reyna,26,48,45.8,0.88,137.2
bun#kekw,Bronze 2,52.1,0.97,131.2,NO,16.8,141,76.5,641,6.7,56,432,15,204,"5,376",0.6,Sage,132,234,46.6,0.84,119.2
Dazzling Mangoe#furry,Bronze 2,41.7,1.08,163.2,AU,24.3,277,69.6,794,6.1,69,108,16.1,47,"1,484",0.7,Fade,26,47,51.1,0.93,134.7
BigTiddieGoth#alone,Gold 2,43.3,0.86,125.6,DE,13,178,81.6,1115,5.4,74,202,14,108,"2,575",0.6,Killjoy,44,78,46.2,0.73,110.9
Thewalkingant#Fresh,Silver 2,48.5,1.08,136.1,DE,8.8,117,77.8,1036,13.4,178,356,9.4,167,"4,670",0.7,Viper,95,163,44.8,0.98,125.2
BrainMoment#7468,Iron 3,42.1,0.87,115.5,US,11.8,111,71.3,672,16.9,159,44,10.8,18,512,0.6,KAY/O,11,24,41.7,0.8,113.1
DieMoon26#RU1,Gold 2,55.6,0.93,132.2,RU,18.7,164,71.3,624,9.9,87,189,15.5,101,"2,730",0.7,Sage,67,113,56.6,1.04,141.2
30 No Vává#gvs,Gold 3,32,1.16,141.9,BR,25.2,204,70.4,570,4.4,36,337,24.8,163,"5,580",0.8,Reyna,36,60,56.7,1.33,167.3
TrillaryClinton#6969,Diamond 1,55.6,1,139.8,US,32.9,288,62.9,551,4.2,37,"2,293",22.9,"1,121","39,130",0.8,Jett,688,"1,201",50.4,1.16,159
he railed me#her,Diamond 3,42.1,0.96,146.4,LT,27.3,289,67,709,5.7,60,327,24.1,167,"5,988",0.9,Neon,74,131,56.5,1.13,164.7
F4nlty#5049,Gold 3,40,0.97,130.1,US,14,150,76.3,815,9.6,103,408,12.7,203,"5,485",0.7,Sage,55,103,52.4,0.83,112.7
toobster#1106,Unranked,46.4,0.83,112.7,GB,19.2,184,76.3,730,4.5,43,93,14.2,44,"1,227",0.7,Sage,30,55,52.7,0.96,143.3
noober#nooub,Bronze 3,43.8,1.27,177.4,US,16,211,75.1,990,8.9,118,127,13.6,63,"1,975",0.8,Omen,22,41,51.2,1.08,158.3
LFT Algxrithm#305,Immortal 1,63.6,1.2,162.2,MX,22.9,268,71.2,834,6,70,621,20.8,327,"10,756",0.8,Chamber,59,105,52.4,1.42,159.6
BigManNiki#EUW,Gold 2,52.2,1.11,145.4,CH,30.6,247,64.6,522,4.8,39,340,21.2,163,"5,427",0.8,Viper,70,118,48.3,1.08,146.4
losersq enjoyer#tilt,Ascendant 2,51.1,1.04,141.6,CZ,34,265,62.5,487,3.5,27,237,23.2,127,"3,946",0.8,Jett,34,60,65,1.13,157.6
DucksGoQuack#nolol,Bronze 2,50,1.77,212.4,IT,20,248,73,906,7,87,20,20,9,336,0.8,Yoru,8.4,15,53.3,1.37,185.9
EThAN#STY,Platinum 2,50.7,1.39,181.2,IN,17.3,280,77.4,1253,5.3,86,"2,056",14.3,988,"37,291",0.9,Reyna,600,"1,009",50.1,1.31,169.3
Xebec#1320,Bronze 1,48.4,1.01,138.5,IN,16.6,188,73.4,832,10,113,589,11.9,292,"8,523",0.7,Jett,77,137,48.2,0.98,139.6
XH Elly#HIRO,Ascendant 3,50,0.94,124.2,PH,18.4,208,74.6,843,7,79,414,19.1,216,"6,091",0.7,Chamber,55,96,56.2,1.03,133.7
vicious#0007,Gold 2,56.1,1.18,141.8,US,28.5,280,64,628,7.5,74,463,26.8,240,"8,667",0.9,Sova,38,72,52.8,1.43,195.1
NCS Nixxz#0810,Platinum 2,66.7,1.42,166.9,VN,24.1,285,72.6,859,3.4,40,121,18.6,64,"1,930",0.8,Sova,13,23,43.5,1.21,154.7
Iceッ#0406,Diamond 3,50,1.05,137,DE,30.7,279,63.5,577,5.7,52,510,25,262,"8,620",0.8,Sage,92,163,52.8,1.08,142.5
Sakura#MYMTO,Diamond 1,75,1.13,157.7,PH,23.2,242,69.8,727,6.9,72,177,19.1,98,"2,489",0.7,Astra,23,42,45.2,0.9,123.3
agooo#007,Diamond 3,49.3,1.13,153.2,IT,26.2,268,67.5,689,6.3,64,457,20.9,237,"7,772",0.8,Phoenix,76,135,53.3,1.21,167.2
Naym#iT0B1,Gold 2,51.6,0.7,109.6,GB,22.4,169,69.8,526,7.8,59,129,15.8,63,"1,447",0.5,Raze,32,59,45.8,0.67,111.8
DarkEroma#Omen,Platinum 3,56.7,1.1,129.7,GB,11.3,132,80,938,8.8,103,748,9.5,369,"11,309",0.7,Omen,421,736,49.6,1.05,134.9
TenZ Smurf#6481,Unranked,0,0.21,44.9,US,5.9,1,70.6,12,23.5,4,1,5.9,0,3,0.2,Yoru,0.3,1,0,0.21,44.9
ElPixitaMorlas#2010,Platinum 1,50,0.98,157.1,ES,19.5,222,72.7,826,7.7,88,"1,546",17.3,768,"24,846",0.8,Brimstone,155,267,52.1,0.91,148.1
Maey#nani,Bronze 1,50.9,0.76,106.4,PH,9.2,94,78.1,799,12.7,130,57,9,29,615,0.6,Reyna,7.2,13,61.5,1.06,138.7
Immortalized#X4TY,Diamond 1,47.8,1.32,190.1,TR,19.8,260,74.8,982,5.4,71,860,23.5,421,"14,706",0.8,Sage,92,159,48.4,1.04,142.7
SALAMANDER#2020,Platinum 1,46.7,1.16,154.3,ID,23.9,248,70.5,733,5.6,58,541,19.9,274,"8,270",0.7,Reyna,45,80,55,1.11,161.4
Ravcix#EUNE,Bronze 2,60,1.4,180.1,PL,25.8,312,68.5,828,5.6,68,39,24.2,16,680,0.8,Brimstone,8.9,15,46.7,1.21,166.1
Keremy#1881,Ascendant 2,64,1.1,155.3,TR,27.9,275,66.6,656,5.5,54,594,19.8,308,"10,183",0.8,Jett,76,135,48.1,1.18,159.8
TNG ルミナス#rumin,Gold 3,47.5,1.08,156.4,VN,18.1,227,74.9,939,7,88,"1,767",15.3,855,"27,354",0.8,Omen,387,668,50.9,1.08,138.7
BLCK Adden#8921,Gold 1,43.8,1.03,166.2,MY,14.5,202,76.6,1070,8.9,125,73,14.2,36,"1,331",0.9,Jett,8.4,15,53.3,1.27,191.1
zeph013#2192,Iron 3,55.2,1.37,143.9,IN,10.2,139,76.6,1047,13.2,180,92,8.5,42,"1,371",0.7,Fade,25,42,52.4,1.09,128.2
ande wala burger#6969,Unranked,33.3,0.77,128.9,IN,13.7,129,73.1,688,13.2,124,18,13.7,6,208,0.6,Viper,2.7,4,25,0.85,118.7
Mac N1khako#kujo,Ascendant 1,51.1,1.3,154.7,RU,29.3,261,66.1,589,4.6,41,778,21.3,385,"12,812",0.8,Sage,126,210,51,1.1,141
clickdroit#5409,Gold 2,65,1.75,238.6,FR,31.8,461,64.4,933,3.7,54,65,22.9,38,997,0.7,Omen,11,19,63.2,0.58,96
Dev1l#MVP,Diamond 3,46.3,0.95,126.4,DZ,20.7,181,72.4,632,6.9,60,456,20.7,216,"6,199",0.6,Brimstone,80,135,49.6,0.87,122.8
Zavier#toe,Gold 3,0,1.16,143.5,SG,27.3,314,69.1,795,3.6,41,222,19.3,113,"3,976",0.9,Reyna,75,134,47,1.2,173.4
Scaleny#Dakk,Diamond 2,44.4,0.93,124.5,CA,11.8,158,73.3,978,14.9,199,"1,152",10.2,583,"15,122",0.6,Viper,257,452,52.4,0.94,127.9
twitter 44Jord#4444,Immortal 1,53.5,1.25,172.5,ZW,26.5,286,67.8,733,5.7,62,"1,447",22.4,734,"25,684",0.8,Jett,258,459,49,1.21,172.3
AMBASSADOR#NOTAG,Immortal 3,47.4,0.92,132.1,CA,21.7,217,71.4,715,6.9,69,"3,777",21.7,"1,871","55,815",0.7,Sova,709,"1,250",49.4,0.95,139.1
glitzy#haha,Iron 3,65.2,0.79,112,SG,13.1,127,72.9,708,14,136,44,13.1,27,477,0.5,Sage,5.4,9,55.6,0.69,81.3
I Çame BY#MMDDD,Immortal 1,88.9,1.64,169.7,EG,18.2,224,76.7,944,5.1,63,91,18.8,60,"1,478",0.8,Breach,13,23,60.9,1.16,154.4
MattPoomey#6612,Ascendant 3,67.4,1.2,160.8,AT,24.2,288,70.3,835,5.5,65,616,22.5,321,"10,941",0.8,Reyna,140,242,53.7,1.3,179.5
chickencurry#9765,Diamond 3,47.8,1.07,142.6,PH,24.1,241,71.9,720,4.1,41,989,18.8,490,"14,680",0.7,Reyna,78,137,56.2,1.15,160.9
steen1x#ENCK,Diamond 2,56.2,1.05,137,RU,20.7,204,70.3,692,8.9,88,300,17.2,148,"4,559",0.7,Jett,57,95,51.6,0.99,137.2
F1NALfL4SH#2631,Silver 1,42.1,1.04,155.1,IN,24.6,293,69.8,833,5.6,67,293,20.9,141,"4,953",0.8,Sage,90,148,50.7,1.22,144.3
Hodg#1415,Immortal 3,56.3,1.09,152.3,GB,23.9,226,68.6,649,7.5,71,363,21.9,192,"6,166",0.8,Chamber,59,103,47.6,1.13,157.1
chopitin#EUW,Platinum 2,54.3,1.05,153,ES,25.9,274,70.4,743,3.7,39,271,25.1,130,"4,674",0.8,Omen,106,182,50,1.11,160.6
WALLACE#walec,Immortal 2,62.7,1.26,173.4,PL,17.8,218,75.2,923,7,86,597,21.6,309,"10,400",0.8,Phoenix,160,285,53,1.18,164.3
TAPPIN#KKC,Diamond 3,50.8,1.03,149.1,SK,36.3,314,61.2,530,2.5,22,685,29.6,343,"11,319",0.8,Jett,272,485,48.9,1.06,153.2
duck#honkk,Diamond 1,48.8,0.99,130.6,SG,12.5,200,82.3,1314,5.1,82,711,13.4,358,"11,584",0.8,Killjoy,307,539,51,1.13,153.2
mom jeans#0823,Silver 2,50,0.94,118.6,PH,14.7,161,75,820,10.3,113,108,12.6,53,"1,531",0.7,Sova,19,37,43.2,0.96,142.9
LFT Denn1sXD#007,Silver 2,51.4,1.11,149.3,IN,18.7,199,75.2,801,6.1,65,256,15.5,123,"3,764",0.7,Chamber,66,114,50.9,1.11,145.9